treatment;ID;morphospecies;sindrome;ID_SEED;month;abundance;forest_fragment;seed_diameter;seed_length;;;;;;;;;;;;;;;
treeless 01;1;morfo 10;anemochorous;27;novembro;18;1;7.161111111;22.432;;;;;;;;;;;;;;;
treeless 01;2;fabaceae 01;anemochorous;28;novembro;1;1;5.923333333;11.8;;;;;;;;;;;;;;;
treeless 01;3;Cecropia sp;zoochooric;11;fevereiro;8;1;1.008;1.616;;;;;;;;;;;;;;;
treeless 01;4;Cecropia sp;zoochooric;11;março;41;1;1.008;1.616;;;;;;;;;;;;;;;
treeless 01;5;Pera glabrata;zoochooric;8;abril;1;1;4.299;6.082;;;;;;;;;;;;;;;
treeless 01;6;morfo 4;anemochorous;20;março;2;1;4.625;7.3;;;;;;;;;;;;;;;
treeless 02;7;asteraceae;anemochorous;5;dezembro;9;1;1.01;4.348;;;;;;;;;;;;;;;
treeless 02;8;asteraceae;anemochorous;5;março;1;1;1.01;4.348;;;;;;;;;;;;;;;
treeless 02;9;Cecropia sp;zoochooric;11;dezembro;14;1;1.008;1.616;;;;;;;;;;;;;;;
treeless 02;10;Cecropia sp;zoochooric;11;janeiro;7;1;1.008;1.616;;;;;;;;;;;;;;;
treeless 02;11;Cecropia sp;zoochooric;11;março;23;1;1.008;1.616;;;;;;;;;;;;;;;
treeless 02;12;Cecropia sp;zoochooric;11;maio;14;1;1.008;1.616;;;;;;;;;;;;;;;
treeless 02;13;morfo 4;anemochorous;20;março;1;1;4.625;7.3;;;;;;;;;;;;;;;
treeless 02;14;asteraceae;anemochorous;5;agosto;6;1;1.01;4.348;;;;;;;;;;;;;;;
treeless 02;15;Piptadenia gonoacantha (Fabaceae);autochorous;2;agosto;7;1;5.928;8.839;;;;;;;;;;;;;;;
treeless 02;16;morfo 4;anemochorous;20;setembro;1;1;4.625;7.3;;;;;;;;;;;;;;;
treeless 02;17;asteraceae;anemochorous;5;setembro;3;1;1.01;4.348;;;;;;;;;;;;;;;
treeless 03;18;Cecropia sp;zoochooric;11;novembro;3;1;1.008;1.616;;;;;;;;;;;;;;;
treeless 03;19;asteraceae;anemochorous;5;dezembro;2;1;1.01;4.348;;;;;;;;;;;;;;;
treeless 03;20;asteraceae;anemochorous;5;fevereiro;1;1;1.01;4.348;;;;;;;;;;;;;;;
treeless 03;21;Terminalia sp (combretaceae);anemochorous;83;março;7;1;2.886;4.967;;;;;;;;;;;;;;;
treeless 04;22;Cecropia sp;zoochooric;11;fevereiro;5;1;1.008;1.616;;;;;;;;;;;;;;;
treeless 04;23;morfo 49;anemochorous;78;março;1;1;2.5025;3.365;;;;;;;;;;;;;;;
treeless 05;24;Morfo 4;anemochorous;20;maio;1;1;4.625;7.3;;;;;;;;;;;;;;;
treeless 05;25;Cecropia sp;zoochooric;11;maio;1;1;1.008;1.616;;;;;;;;;;;;;;;
treeless 06;26;Cecropia sp;zoochooric;11;novembro;1;1;1.008;1.616;;;;;;;;;;;;;;;
treeless 06;27;Cecropia sp;zoochooric;11;dezembro;3;1;1.008;1.616;;;;;;;;;;;;;;;
treeless 07;28;morfo 49;anemochorous;78;fevereiro;3;1;2.5025;3.365;;;;;;;;;;;;;;;
treeless 07;29;morfo 49;anemochorous;78;abril;11;1;2.5025;3.365;;;;;;;;;;;;;;;
treeless 07;30;Cyperaceae;anemochorous;52;abril;1;1;2.334444444;2.49;;;;;;;;;;;;;;;
treeless 07;31;asteraceae;anemochorous;5;outubro;13;1;1.01;4.348;;;;;;;;;;;;;;;
treeless 08;32;asteraceae;anemochorous;5;novembro;8;1;1.01;4.348;;;;;;;;;;;;;;;
treeless 08;33;Cecropia sp;zoochooric;11;fevereiro;2;1;1.008;1.616;;;;;;;;;;;;;;;
treeless 09;34;Cecropia sp;zoochooric;11;fevereiro;7;1;1.008;1.616;;;;;;;;;;;;;;;
treeless 10;35;morfo 49;anemochorous;78;março;19;1;2.5025;3.365;;;;;;;;;;;;;;;
treeless 10;36;Cyperaceae;anemochorous;52;março;13;1;2.334444444;2.49;;;;;;;;;;;;;;;
treeless 10;37;morfo 52;anemochorous;82;março;2;1;6.476;8.32;;;;;;;;;;;;;;;
treeless 10;38;asteraceae;anemochorous;5;setembro;80;1;1.01;4.348;;;;;;;;;;;;;;;
treeless 10;39;asteraceae;anemochorous;5;outubro;7;1;1.01;4.348;;;;;;;;;;;;;;;
treeless 11;40;Cecropia sp;zoochooric;11;dezembro;6;2;1.008;1.616;;;;;;;;;;;;;;;
treeless 11;41;asteraceae;anemochorous;5;julho;2;2;1.01;4.348;;;;;;;;;;;;;;;
treeless 12;42;asteraceae;anemochorous;5;fevereiro;1;2;1.01;4.348;;;;;;;;;;;;;;;
treeless 12;43;morfo 8;anemochorous;25;abril;4;2;2.407;3.809;;;;;;;;;;;;;;;
treeless 12;44;Lantana camara (morfo 13);zoochooric;16;junho;1;2;2.752;3.936;;;;;;;;;;;;;;;
treeless 13;45;Pera glabrata;zoochooric;8;novembro;1;2;4.299;6.082;;;;;;;;;;;;;;;
treeless 13;46;morfo 8;anemochorous;25;março;11;2;2.407;3.809;;;;;;;;;;;;;;;
treeless 13;47;asteraceae;anemochorous;5;agosto;3;2;1.01;4.348;;;;;;;;;;;;;;;
treeless 14;48;morfo 8;anemochorous;25;março;4;2;2.407;3.809;;;;;;;;;;;;;;;
treeless 14;49;morfo 8;anemochorous;25;abril;5;2;2.407;3.809;;;;;;;;;;;;;;;
treeless 14;50;asteraceae;anemochorous;5;setembro;1;2;1.01;4.348;;;;;;;;;;;;;;;
treeless 15;51;Cecropia sp;zoochooric;11;fevereiro;1;2;1.008;1.616;;;;;;;;;;;;;;;
treeless 15;52;morfo 8;anemochorous;25;abril;12;2;2.407;3.809;;;;;;;;;;;;;;;
treeless 15;53;morfo 8;anemochorous;25;maio;3;2;2.407;3.809;;;;;;;;;;;;;;;
treeless 16;54;asteraceae;anemochorous;5;abril;40;2;1.01;4.348;;;;;;;;;;;;;;;
treeless 16;55;morfo 35;zoochooric;61;maio;1;2;2.8125;6.4675;;;;;;;;;;;;;;;
treeless 16;56;morfo 55;zoochooric;87;maio;1;2;2.071;2.349;;;;;;;;;;;;;;;
treeless 16;57;morfo 7;anemochorous;24;agosto;2;2;3.528333333;5.956666667;;;;;;;;;;;;;;;
treeless 17;58;morfo 8;anemochorous;25;novembro;1;2;2.407;3.809;;;;;;;;;;;;;;;
treeless 17;59;asteraceae;anemochorous;5;novembro;1;2;1.01;4.348;;;;;;;;;;;;;;;
treeless 17;60;bignoniaceae 2;anemochorous;68;janeiro;14;2;4.23;15.94;;;;;;;;;;;;;;;
treeless 17;62;Cecropia sp;zoochooric;11;maio;109;2;1.008;1.616;;;;;;;;;;;;;;;
treeless 17;63;morfo 8;anemochorous;25;julho;1;2;2.407;3.809;;;;;;;;;;;;;;;
treeless 17;64;morfo 8;anemochorous;25;setembro;2;2;2.407;3.809;;;;;;;;;;;;;;;
treeless 17;65;morfo 5;zoochooric;22;setembro;1;2;5.934;7.99;;;;;;;;;;;;;;;
treeless 18;66;Cecropia sp;zoochooric;11;junho;499;2;1.008;1.616;;;;;;;;;;;;;;;
treeless 18;67;morfo 77;zoochooric;118;setembro;1;2;3.239;3.639;;;;;;;;;;;;;;;
treeless 19;68;Morfo 7;anemochorous;24;novembro;1;2;3.528333333;5.956666667;;;;;;;;;;;;;;;
treeless 19;69;morfo 8;anemochorous;25;dezembro;1;2;2.407;3.809;;;;;;;;;;;;;;;
treeless 19;70;Handroanthus (bignoniaceae);anemochorous;53;maio;1;2;7.9;27.258;;;;;;;;;;;;;;;
treeless 19;71;asteraceae;anemochorous;5;setembro;1;2;1.01;4.348;;;;;;;;;;;;;;;
treeless 19;72;asteraceae;anemochorous;5;outubro;2;2;1.01;4.348;;;;;;;;;;;;;;;
treeless 20;73;asteraceae;anemochorous;5;dezembro;5;2;1.01;4.348;;;;;;;;;;;;;;;
treeless 20;74;asteraceae;anemochorous;5;fevereiro;38;2;1.01;4.348;;;;;;;;;;;;;;;
treeless 20;75;Cecropia sp;zoochooric;11;fevereiro;384;2;1.008;1.616;;;;;;;;;;;;;;;
treeless 20;76;morfo 12;anemochorous;31;setembro;31;2;2.346;3.277;;;;;;;;;;;;;;;
treeless 21;77;Morfo 7;anemochorous;24;novembro;1;3;3.528333333;5.956666667;;;;;;;;;;;;;;;
treeless 21;78;Cecropia sp;zoochooric;11;dezembro;1;3;1.008;1.616;;;;;;;;;;;;;;;
treeless 21;79;Cecropia sp;zoochooric;11;janeiro;1;3;1.008;1.616;;;;;;;;;;;;;;;
treeless 21;80;Handroanthus (bignoniaceae);anemochorous;53;janeiro;27;3;7.9;27.258;;;;;;;;;;;;;;;
treeless 21;81;Araliaceae (Schefflera);zoochooric;35;janeiro;3;3;3.458;4.769;;;;;;;;;;;;;;;
treeless 21;82;morfo 54;zoochooric;85;março;1;3;14.83;24;;;;;;;;;;;;;;;
treeless 21;83;morfo 24;autochorous;48;maio;1;3;4.786818182;5.332181818;;;;;;;;;;;;;;;
treeless 21;84;morfo 47;zoochooric;76;junho;1;3;3.03;4.38;;;;;;;;;;;;;;;
treeless 21;85;morfo 73;autochorous;113;junho;1;3;4.046666667;4.593333333;;;;;;;;;;;;;;;
treeless 21;86;morfo 73;autochorous;113;agosto;1;3;4.046666667;4.593333333;;;;;;;;;;;;;;;
treeless 22;87;asteraceae;anemochorous;5;agosto;129;3;1.01;4.348;;;;;;;;;;;;;;;
treeless 22;88;asteraceae;anemochorous;5;setembro;17;3;1.01;4.348;;;;;;;;;;;;;;;
treeless 23;89;asteraceae;anemochorous;5;novembro;7;3;1.01;4.348;;;;;;;;;;;;;;;
treeless 23;90;Pera glabrata;zoochooric;8;novembro;1;3;4.299;6.082;;;;;;;;;;;;;;;
treeless 23;91;Cecropia sp;zoochooric;11;março;6;3;1.008;1.616;;;;;;;;;;;;;;;
treeless 23;92;morfo 3;zoochooric;17;agosto;1;3;1.908;2.945;;;;;;;;;;;;;;;
treeless 23;93;asteraceae;anemochorous;5;agosto;3;3;1.01;4.348;;;;;;;;;;;;;;;
treeless 24;94;asteraceae;anemochorous;5;novembro;1;3;1.01;4.348;;;;;;;;;;;;;;;
treeless 24;95;asteraceae;anemochorous;5;dezembro;1;3;1.01;4.348;;;;;;;;;;;;;;;
treeless 24;96;asteraceae;anemochorous;5;janeiro;1;3;1.01;4.348;;;;;;;;;;;;;;;
treeless 24;97;Macrosomanea sp ou Balizia ( fabaceae);autochorous;10;novembro;15;3;3.46;6.096;;;;;;;;;;;;;;;
treeless 24;98;Cecropia sp;zoochooric;11;dezembro;1;3;1.008;1.616;;;;;;;;;;;;;;;
treeless 24;99;asteraceae;anemochorous;5;agosto;1;3;1.01;4.348;;;;;;;;;;;;;;;
treeless 24;100;asteraceae;anemochorous;5;setembro;4;3;1.01;4.348;;;;;;;;;;;;;;;
treeless 24;101;morfo 12;anemochorous;31;outubro;15;3;2.346;3.277;;;;;;;;;;;;;;;
treeless 25;102;asteraceae;anemochorous;5;dezembro;22;3;1.01;4.348;;;;;;;;;;;;;;;
treeless 25;103;asteraceae;anemochorous;5;janeiro;12;3;1.01;4.348;;;;;;;;;;;;;;;
treeless 25;104;asteraceae;anemochorous;5;abril;1;3;1.01;4.348;;;;;;;;;;;;;;;
treeless 25;105;Handroanthus (bignoniaceae);anemochorous;53;janeiro;2;3;7.9;27.258;;;;;;;;;;;;;;;
treeless 25;106;Morfo 12;anemochorous;31;março;2;3;2.346;3.277;;;;;;;;;;;;;;;
treeless 25;107;morfo 49;anemochorous;78;março;1;3;2.5025;3.365;;;;;;;;;;;;;;;
treeless 25;108;morfo 12;anemochorous;52;agosto;6;3;2.346;3.277;;;;;;;;;;;;;;;
treeless 25;109;asteraceae;anemochorous;5;agosto;2;3;1.01;4.348;;;;;;;;;;;;;;;
treeless 26;110;Piptadenia gonoacantha (Fabaceae);autochorous;2;novembro;3;3;5.928;8.839;;;;;;;;;;;;;;;
treeless 26;111;Cyperaceae;anemochorous;;fevereiro;1;3;2.334444444;2.49;;;;;;;;;;;;;;;
treeless 26;112;morfo 47;zoochooric;76;fevereiro;1;3;3.03;4.38;;;;;;;;;;;;;;;
treeless 26;113;morfo 21;zoochooric;44;março;1;3;4.54;3.66;;;;;;;;;;;;;;;
treeless 26;114;Colubrina glandulosa (Rhamnaceae);autochorous;100;abril;4;3;3.34;4.5925;;;;;;;;;;;;;;;
treeless 26;115;Cecropia sp;zoochooric;11;junho;9;3;1.008;1.616;;;;;;;;;;;;;;;
treeless 26;116;asteraceae;anemochorous;5;agosto;220;3;1.01;4.348;;;;;;;;;;;;;;;
treeless 26;117;asteraceae;anemochorous;5;setembro;78;3;1.01;4.348;;;;;;;;;;;;;;;
treeless 26;118;morfo 36;zoochooric;62;outubro;6;3;2.486;5.815;;;;;;;;;;;;;;;
treeless 26;119;morfo 12;anemochorous;31;outubro;5;3;2.346;3.277;;;;;;;;;;;;;;;
treeless 27;120;asteraceae;anemochorous;6;novembro;1;3;1.01;4.348;;;;;;;;;;;;;;;
treeless 27;121;Macrosomanea sp ou Balizia ( fabaceae);autochorous;10;fevereiro;11;3;3.46;6.096;;;;;;;;;;;;;;;
treeless 27;122;Araliaceae (Schefflera);zoochooric;35;fevereiro;2;3;3.458;4.769;;;;;;;;;;;;;;;
treeless 27;123;Morfo 53;zoochooric;84;março;2;3;3.455;4.255;;;;;;;;;;;;;;;
treeless 27;124;morfo 36;zoochooric;62;maio;33;3;2.486;5.815;;;;;;;;;;;;;;;
treeless 27;125;asteraceae;anemochorous;5;agosto;136;3;1.01;4.348;;;;;;;;;;;;;;;
treeless 27;126;asteraceae;anemochorous;5;setembro;3;3;1.01;4.348;;;;;;;;;;;;;;;
treeless 27;127;asteraceae;anemochorous;5;outubro;3;3;1.01;4.348;;;;;;;;;;;;;;;
treeless 28;128;asteraceae;anemochorous;6;novembro;5;3;1.01;4.348;;;;;;;;;;;;;;;
treeless 28;129;asteraceae;anemochorous;6;dezembro;17;3;1.01;4.348;;;;;;;;;;;;;;;
treeless 28;130;morfo 12;anemochorous;31;setembro;3;3;2.346;3.277;;;;;;;;;;;;;;;
treeless 29;131;asteraceae;anemochorous;5;novembro;3;3;1.01;4.348;;;;;;;;;;;;;;;
treeless 29;132;asteraceae;anemochorous;5;dezembro;5;3;1.01;4.348;;;;;;;;;;;;;;;
treeless 29;133;Brysonimia;zoochooric;86;março;1;3;5.597;4.799;;;;;;;;;;;;;;;
treeless 29;134;Tabebuia insignis (bignoniaceae;anemochorous;101;junho;2;3;10.43125;17.16444444;;;;;;;;;;;;;;;
treeless 29;135;asteraceae;anemochorous;5;agosto;1;3;1.01;4.348;;;;;;;;;;;;;;;
treeless 29;136;asteraceae;anemochorous;5;setembro;7;3;1.01;4.348;;;;;;;;;;;;;;;
treeless 30;137;Dctyloma (Rutaceae);anemochorous;39;dezembro;1;3;6.476;8.32;;;;;;;;;;;;;;;
treeless 30;138;asteraceae;anemochorous;5;dezembro;9;3;1.01;4.348;;;;;;;;;;;;;;;
treeless 30;139;asteraceae;anemochorous;5;janeiro;1;3;1.01;4.348;;;;;;;;;;;;;;;
treeless 30;140;asteraceae;anemochorous;5;maio;1;3;1.01;4.348;;;;;;;;;;;;;;;
treeless 30;141;Machaerium (fabaceae);anemochorous;116;agosto;1;3;9.91;12.91;;;;;;;;;;;;;;;
treeless 30;142;morfo 52;anemochorous;82;outubro;3;3;6.476;8.32;;;;;;;;;;;;;;;
treeless 30;143;Cyperaceae;anemochorous;52;outubro;2;3;2.334444444;2.49;;;;;;;;;;;;;;;
live_tree 01;144;Cecropia sp;zoochooric;11;novembro;1;1;1.008;1.616;;;;;;;;;;;;;;;
live_tree 01;145;Pera glabrata;zoochooric;8;novembro;3;1;4.299;6.082;;;;;;;;;;;;;;;
live_tree 01;146;morfo 18;anemochorous;40;dezembro;2;1;3.673333333;3.623333333;;;;;;;;;;;;;;;
live_tree 01;147;virola sp morfo 19;zoochooric;41;dezembro;1;1;22.29;29.3;;;;;;;;;;;;;;;
live_tree 01;148;morfo 44;anemochorous;72;fevereiro;1;1;3.548333333;3.553333333;;;;;;;;;;;;;;;
live_tree 01;149;Cecropia sp;zoochooric;11;dezembro;108;1;1.008;1.616;;;;;;;;;;;;;;;
live_tree 01;150;Cecropia sp;zoochooric;11;janeiro;193;1;1.008;1.616;;;;;;;;;;;;;;;
live_tree 01;151;Cecropia sp;zoochooric;11;março;158;1;1.008;1.616;;;;;;;;;;;;;;;
live_tree 01;152;asteraceae;anemochorous;5;abril;17;1;1.01;4.348;;;;;;;;;;;;;;;
live_tree 01;153;Schinus terebinthifoliu Morfo 42;zoochooric;49;maio;1;1;3.696;3.161;;;;;;;;;;;;;;;
live_tree 01;154;Schinus terebinthifoliu Morfo 42;zoochooric;49;Junho;19;1;3.696;3.161;;;;;;;;;;;;;;;
live_tree 01;155;Lantana camara (morfo 13);zoochooric;16;julho;1;1;2.752;3.936;;;;;;;;;;;;;;;
live_tree 01;156;morfo 60;zoochooric;93;março;1;1;4.558;12.234;;;;;;;;;;;;;;;
live_tree 01;157;morfo 5;zoochooric;37;agosto;1;1;5.934;7.99;;;;;;;;;;;;;;;
live_tree 01;158;Schinus terebinthifoliu Morfo 42;zoochooric;49;setembro;1;1;3.696;3.161;;;;;;;;;;;;;;;
live_tree 01;159;Lantana camara (morfo 13);zoochooric;16;setembro;1;1;2.752;3.936;;;;;;;;;;;;;;;
live_tree 01;160;Cecropia sp;zoochooric;11;outubro;5;1;1.008;1.616;;;;;;;;;;;;;;;
live_tree 02;161;Pera glabrata;zoochooric;8;novembro;1;1;4.299;6.082;;;;;;;;;;;;;;;
live_tree 02;162;asteraceae;anemochorous;2;janeiro;2;1;1.01;4.348;;;;;;;;;;;;;;;
live_tree 02;163;Cecropia sp;zoochooric;11;janeiro;1;1;1.008;1.616;;;;;;;;;;;;;;;
live_tree 02;164;Cecropia sp;zoochooric;11;março;143;1;1.008;1.616;;;;;;;;;;;;;;;
live_tree 02;165;Cecropia sp;zoochooric;11;abril;23;1;1.008;1.616;;;;;;;;;;;;;;;
live_tree 02;166;morfo 38;zoochooric;64;janeiro;2;1;1.5425;2.3125;;;;;;;;;;;;;;;
live_tree 02;167;morfo 46;zoochooric;46;fevereiro;1;1;6.93;9.41;;;;;;;;;;;;;;;
live_tree 02;168;morfo 56;anemochorous;88;março;1;1;2.771666667;2.903333333;;;;;;;;;;;;;;;
live_tree 02;169;morfo 36;zoochooric;62;maio;5;1;2.486;5.815;;;;;;;;;;;;;;;
live_tree 02;170;morfo 55;zoochooric;87;maio;1;1;2.071;2.349;;;;;;;;;;;;;;;
live_tree 02;171;morfo 55;zoochooric;87;junho;6;1;2.071;2.349;;;;;;;;;;;;;;;
live_tree 02;172;morfo 78;zoochooric;107;maio;2;1;3.415;4.778333333;;;;;;;;;;;;;;;
live_tree 02;173;Schinus terebinthifoliu Morfo 42;zoochooric;49;junho;44;1;3.696;3.161;;;;;;;;;;;;;;;
live_tree 02;174;morfo 8;anemochorous;25;março;127;1;2.407;3.809;;;;;;;;;;;;;;;
live_tree 02;175;morfo 8;anemochorous;25;julho;19;1;2.407;3.809;;;;;;;;;;;;;;;
live_tree 02;176;morfo 8;anemochorous;25;agosto;6;1;2.407;3.809;;;;;;;;;;;;;;;
live_tree 02;177;morfo 8;anemochorous;25;outubro;12;1;2.407;3.809;;;;;;;;;;;;;;;
live_tree 02;178;Cecropia sp;zoochooric;11;outubro;3;1;1.008;1.616;;;;;;;;;;;;;;;
live_tree 03;179;Cecropia sp;zoochooric;11;novembro;20;1;1.008;1.616;;;;;;;;;;;;;;;
live_tree 03;180;Cecropia sp;zoochooric;11;dezembro;5;1;1.008;1.616;;;;;;;;;;;;;;;
live_tree 03;181;Cecropia sp;zoochooric;11;fevereiro;2;1;1.008;1.616;;;;;;;;;;;;;;;
live_tree 03;182;Cecropia sp;zoochooric;11;março;3;1;1.008;1.616;;;;;;;;;;;;;;;
live_tree 03;183;Cecropia sp;zoochooric;11;abril;3;1;1.008;1.616;;;;;;;;;;;;;;;
live_tree 03;184;Cecropia sp;zoochooric;11;maio;9;1;1.008;1.616;;;;;;;;;;;;;;;
live_tree 03;185;Sebastiana (Euphorbiaceae);autochorous;45;dezembro;2;1;6.076;8.164;;;;;;;;;;;;;;;
live_tree 03;186;morfo 37;autochorous;63;janeiro;12;1;6.259;6.443;;;;;;;;;;;;;;;
live_tree 03;187;morfo 51;autochorous;81;fevereiro;4;1;2.3675;2.985;;;;;;;;;;;;;;;
live_tree 03;188;morfo 36;zoochooric;62;março;1;1;2.486;5.815;;;;;;;;;;;;;;;
live_tree 03;189;morfo 36;zoochooric;62;maio;1;1;2.486;5.815;;;;;;;;;;;;;;;
live_tree 03;190;Lantana camara (morfo 13);zoochooric;16;maio;1;1;2.752;3.936;;;;;;;;;;;;;;;
live_tree 03;191;morfo 55;zoochooric;87;maio;3;1;2.071;2.349;;;;;;;;;;;;;;;
live_tree 03;192;Schinus terebinthifoliu Morfo 42;zoochooric;49;maio;15;1;3.696;3.161;;;;;;;;;;;;;;;
live_tree 03;193;morfo 74;zoochooric;114;julho;3;1;5.685;5.225;;;;;;;;;;;;;;;
live_tree 03;194;morfo 5;zoochooric;22;agosto;1;1;5.934;7.99;;;;;;;;;;;;;;;
live_tree 03;195;Sebastiana (Euphorbiaceae);autochorous;45;outubro;2;1;6.076;8.164;;;;;;;;;;;;;;;
live_tree 04;196;Cecropia sp;zoochooric;11;novembro;54;1;1.008;1.616;;;;;;;;;;;;;;;
live_tree 04;197;Cecropia sp;zoochooric;11;dezembro;130;1;1.008;1.616;;;;;;;;;;;;;;;
live_tree 04;198;Cecropia sp;zoochooric;11;janeiro;98;1;1.008;1.616;;;;;;;;;;;;;;;
live_tree 04;199;Cecropia sp;zoochooric;11;março;1;1;1.008;1.616;;;;;;;;;;;;;;;
live_tree 04;200;Cecropia sp;zoochooric;11;abril;4;1;1.008;1.616;;;;;;;;;;;;;;;
live_tree 04;201;Pera glabrata;zoochooric;8;novembro;3;1;4.299;6.082;;;;;;;;;;;;;;;
live_tree 04;202;copaífera sp. morfo 2;zoochooric;15;novembro;3;1;11.2575;14.27;;;;;;;;;;;;;;;
live_tree 04;203;morfo 34;zoochooric;60;novembro;3;1;2.7125;2.695;;;;;;;;;;;;;;;
live_tree 04;204;morfo 24;autochorous;48;fevereiro;2;1;4.786818182;5.332181818;;;;;;;;;;;;;;;
live_tree 04;205;morfo 36;zoochooric;62;fevereiro;1;1;2.486;5.815;;;;;;;;;;;;;;;
live_tree 04;206;Xylopia sp. morfo 40;zoochooric;66;março;1;1;5.60875;7.915;;;;;;;;;;;;;;;
live_tree 04;207;morfo 8;anemochorous;25;maio;16;1;2.407;3.809;;;;;;;;;;;;;;;
live_tree 04;208;Euterpe edulis;zoochooric;110;julho;1;1;11.205;10.115;;;;;;;;;;;;;;;
live_tree 04;209;morfo 76;zoochooric;117;agosto;1;1;3.3;2.66;;;;;;;;;;;;;;;
live_tree 04;210;asteraceae;anemochorous;5;agosto;1;1;1.01;4.348;;;;;;;;;;;;;;;
live_tree 04;211;Cecropia sp;zoochooric;11;setembro;9;1;1.008;1.616;;;;;;;;;;;;;;;
live_tree 04;212;Poaceae;anemochorous;14;setembro;3;1;2.15;3.449;;;;;;;;;;;;;;;
live_tree 04;213;Poaceae;anemochorous;14;outubro;2;1;2.15;3.449;;;;;;;;;;;;;;;
live_tree 04;214;Cecropia sp;zoochooric;11;outubro;6;1;1.008;1.616;;;;;;;;;;;;;;;
live_tree 05;215;Cecropia sp;zoochooric;11;dezembro;784;1;1.008;1.616;;;;;;;;;;;;;;;
live_tree 05;216;Cecropia sp;zoochooric;11;janeiro;11;1;1.008;1.616;;;;;;;;;;;;;;;
live_tree 05;217;Cecropia sp;zoochooric;11;março;15;1;1.008;1.616;;;;;;;;;;;;;;;
live_tree 05;218;Cecropia sp;zoochooric;11;junho;1;1;1.008;1.616;;;;;;;;;;;;;;;
live_tree 05;219;morfo 39;zoochooric;65;janeiro;2;1;4.39;7.13;;;;;;;;;;;;;;;
live_tree 05;220;Xylopia sp. morfo 40;zoochooric;66;janeiro;1;1;5.60875;7.915;;;;;;;;;;;;;;;
live_tree 05;221;Euphorbiaceae morfo;autochorous;30;fevereiro;1;1;4.44;5.53;;;;;;;;;;;;;;;
live_tree 05;222;Terminalia sp (combretaceae);anemochorous;83;março;17;1;2.886;4.967;;;;;;;;;;;;;;;
live_tree 05;223;Terminalia sp (combretaceae);anemochorous;83;abril;3;1;2.886;4.967;;;;;;;;;;;;;;;
live_tree 05;224;morfo 36;zoochooric;62;março;1;1;2.486;5.815;;;;;;;;;;;;;;;
live_tree 05;225;asteraceae;anemochorous;5;abril;1;1;1.01;4.348;;;;;;;;;;;;;;;
live_tree 05;226;Annona (Guatteria);zoochooric;36;junho;1;1;4.592;8.48;;;;;;;;;;;;;;;
live_tree 05;227;Schinus terebinthifoliu Morfo 42;zoochooric;49;junho;1;1;3.696;3.161;;;;;;;;;;;;;;;
live_tree 05;228;morfo 78;zoochooric;107;junho;1;1;3.415;4.778333333;;;;;;;;;;;;;;;
live_tree 05;229;morfo 48;zoochooric;77;junho;2;1;2.489;3.754;;;;;;;;;;;;;;;
live_tree 05;230;Cecropia sp;zoochooric;11;junho;1;1;1.008;1.616;;;;;;;;;;;;;;;
live_tree 05;231;morfo 33;zoochooric;59;junho;2;1;1.884;1.989;;;;;;;;;;;;;;;
live_tree 05;232;morfo 55;zoochooric;87;junho;1;1;1.884;2.349;;;;;;;;;;;;;;;
live_tree 05;233;bignoniaceae maior;anemochorous;98;julho;3;1;1.884;14.25;;;;;;;;;;;;;;;
live_tree 05;234;morfo 78;zoochooric;119;setembro;1;1;3.415;4.778333333;;;;;;;;;;;;;;;
live_tree 05;235;Cecropia sp;zoochooric;11;outubro;2;1;1.008;1.616;;;;;;;;;;;;;;;
live_tree 05;236;Solanum sp.;zoochooric;55;outubro;1;1;2.96;4.245;;;;;;;;;;;;;;;
live_tree 06;237;Pera glabrata;zoochooric;8;novembro;1;1;4.299;6.082;;;;;;;;;;;;;;;
live_tree 06;238;Pera glabrata;zoochooric;8;dezembro;2;1;4.299;6.082;;;;;;;;;;;;;;;
live_tree 06;239;Cecropia sp;zoochooric;11;novembro;8;1;1.008;1.616;;;;;;;;;;;;;;;
live_tree 06;240;Cecropia sp;zoochooric;11;dezembro;263;1;1.008;1.616;;;;;;;;;;;;;;;
live_tree 06;241;Cecropia sp;zoochooric;11;março;11;1;1.008;1.616;;;;;;;;;;;;;;;
live_tree 06;242;Cecropia sp;zoochooric;11;maio;80;1;1.008;1.616;;;;;;;;;;;;;;;
live_tree 06;243;morfo 21;zoochooric;44;dezembro;1;1;4.54;3.66;;;;;;;;;;;;;;;
live_tree 06;244;morfo 23;zoochooric;47;dezembro;2;1;5.502857143;8.535714286;;;;;;;;;;;;;;;
live_tree 06;245;asteraceae;anemochorous;5;dezembro;6;1;1.01;4.348;;;;;;;;;;;;;;;
live_tree 06;246;morfo 24;autochorous;48;dezembro;3;1;4.786818182;5.332181818;;;;;;;;;;;;;;;
live_tree 06;247;morfo 63;zoochooric;96;março;1;1;9;7.7;;;;;;;;;;;;;;;
live_tree 06;248;morfo 36;zoochooric;62;março;1;1;2.486;5.815;;;;;;;;;;;;;;;
live_tree 06;249;bowdichia (Fabaceae) - Morfo 65;anemochorous;102;maio;1;1;7.93;15.54;;;;;;;;;;;;;;;
live_tree 06;250;morfo 5;zoochooric;95;maio;1;1;5.934;7.99;;;;;;;;;;;;;;;
live_tree 06;251;Poaceae;anemochorous;14;outubro;1;1;2.15;3.449;;;;;;;;;;;;;;;
live_tree 07;252;Pera glabrata;zoochooric;8;novembro;9;1;4.299;6.082;;;;;;;;;;;;;;;
live_tree 07;253;Cecropia sp;zoochooric;11;novembro;88;1;1.008;1.616;;;;;;;;;;;;;;;
live_tree 07;254;Cecropia sp;zoochooric;11;dezembro;29;1;1.008;1.616;;;;;;;;;;;;;;;
live_tree 07;255;Cecropia sp;zoochooric;11;janeiro;102;1;1.008;1.616;;;;;;;;;;;;;;;
live_tree 07;256;Cecropia sp;zoochooric;11;fevereiro;54;1;1.008;1.616;;;;;;;;;;;;;;;
live_tree 07;257;Cecropia sp;zoochooric;11;abril;2;1;1.008;1.616;;;;;;;;;;;;;;;
live_tree 07;258;Cecropia sp;zoochooric;11;maio;2;1;1.008;1.616;;;;;;;;;;;;;;;
live_tree 07;259;Psidium sp.;zoochooric;18;dezembro;1;1;5.641;6.296;;;;;;;;;;;;;;;
live_tree 07;260;Psidium sp.;zoochooric;18;janeiro;5;1;5.641;6.296;;;;;;;;;;;;;;;
live_tree 07;261;Psidium sp.;zoochooric;18;julho;12;1;5.641;6.296;;;;;;;;;;;;;;;
live_tree 07;262;Poaceae;anemochorous;14;dezembro;1;1;2.15;3.449;;;;;;;;;;;;;;;
live_tree 07;263;asteraceae;anemochorous;5;janeiro;3;1;1.01;4.348;;;;;;;;;;;;;;;
live_tree 07;264;asteraceae;anemochorous;5;abril;1;1;1.01;4.348;;;;;;;;;;;;;;;
live_tree 07;265;morfo 44;anemochorous;72;fevereiro;1;1;3.548333333;3.553333333;;;;;;;;;;;;;;;
live_tree 07;266;morfo 44;anemochorous;72;março;2;1;3.548333333;3.553333333;;;;;;;;;;;;;;;
live_tree 07;267;Xylopia sp. morfo 40;zoochooric;66;fevereiro;1;1;5.60875;7.915;;;;;;;;;;;;;;;
live_tree 07;268;morfo 8;anemochorous;25;março;6;1;2.407;3.809;;;;;;;;;;;;;;;
live_tree 07;269;morfo 58;anemochorous;90;março;2;1;6.914;9.045;;;;;;;;;;;;;;;
live_tree 07;270;Psychotria carlhagenensis;zoochooric;73;abril;1;1;3.401111111;4.758888889;;;;;;;;;;;;;;;
live_tree 07;271;morfo 55;zoochooric;87;abril;2;1;2.071;2.349;;;;;;;;;;;;;;;
live_tree 07;272;morfo 55;zoochooric;87;junho;1;1;2.071;2.349;;;;;;;;;;;;;;;
live_tree 07;273;Brysonimia;zoochooric;86;abril;1;1;5.597;4.799;;;;;;;;;;;;;;;
live_tree 07;274;morfo 48;zoochooric;77;maio;1;1;2.489;3.754;;;;;;;;;;;;;;;
live_tree 07;275;Schinus terebinthifoliu Morfo 42;zoochooric;49;junho;8;1;3.696;3.161;;;;;;;;;;;;;;;
live_tree 07;276;morfo 5;zoochooric;95;julho;1;1;5.934;7.99;;;;;;;;;;;;;;;
live_tree 07;277;morfo 5;zoochooric;22;agosto;2;1;5.934;7.99;;;;;;;;;;;;;;;
live_tree 07;278;asteraceae;anemochorous;5;agosto;1;1;1.01;4.348;;;;;;;;;;;;;;;
live_tree 07;279;morfo 8;anemochorous;25;setembro;3;1;2.407;3.809;;;;;;;;;;;;;;;
live_tree 07;280;Xylopia sp. morfo 40;zoochooric;66;setembro;1;1;5.60875;7.915;;;;;;;;;;;;;;;
live_tree 07;281;Lantana camara (morfo 13);zoochooric;16;setembro;2;1;2.752;3.936;;;;;;;;;;;;;;;
live_tree 07;282;Poaceae;anemochorous;14;setembro;1;1;2.15;3.449;;;;;;;;;;;;;;;
live_tree 07;283;morfo 58;anemochorous;90;setembro;2;1;6.914;9.045;;;;;;;;;;;;;;;
live_tree 07;284;morfo 8;anemochorous;25;outubro;3;1;2.407;3.809;;;;;;;;;;;;;;;
live_tree 07;285;Poaceae;anemochorous;14;outubro;1;1;2.15;3.449;;;;;;;;;;;;;;;
live_tree 07;286;Cecropia sp;zoochooric;11;outubro;1;1;1.008;1.616;;;;;;;;;;;;;;;
live_tree 07;287;morfo 58;anemochorous;90;outubro;14;1;6.914;9.045;;;;;;;;;;;;;;;
live_tree 08;288;asteraceae;anemochorous;5;dezembro;2;1;1.01;4.348;;;;;;;;;;;;;;;
live_tree 08;289;Pera glabrata;zoochooric;8;dezembro;3;1;4.299;6.082;;;;;;;;;;;;;;;
live_tree 08;290;Euphorbiaceae 2;autochorous;58;janeiro;1;1;6.883333333;7.656666667;;;;;;;;;;;;;;;
live_tree 08;291;Cecropia sp;zoochooric;11;janeiro;8;1;1.008;1.616;;;;;;;;;;;;;;;
live_tree 08;292;Cecropia sp;zoochooric;11;março;1;1;1.008;1.616;;;;;;;;;;;;;;;
live_tree 08;293;Cecropia sp;zoochooric;11;maio;1;1;1.008;1.616;;;;;;;;;;;;;;;
live_tree 08;294;morfo 4;anemochorous;20;abril;1;1;4.625;7.3;;;;;;;;;;;;;;;
live_tree 08;295;morfo 48;zoochooric;77;maio;1;1;2.489;3.754;;;;;;;;;;;;;;;
live_tree 08;296;morfo 34;zoochooric;60;junho;1;1;2.7125;2.695;;;;;;;;;;;;;;;
live_tree 09;297;Psidium sp.;zoochooric;18;novembro;34;1;5.641;6.296;;;;;;;;;;;;;;;
live_tree 09;298;Pera glabrata;zoochooric;8;novembro;1;1;4.299;6.082;;;;;;;;;;;;;;;
live_tree 09;299;Cecropia sp;zoochooric;11;novembro;37;1;1.008;1.616;;;;;;;;;;;;;;;
live_tree 09;300;Cecropia sp;zoochooric;11;janeiro;1305;1;1.008;1.616;;;;;;;;;;;;;;;
live_tree 09;301;Cecropia sp;zoochooric;11;março;3;1;1.008;1.616;;;;;;;;;;;;;;;
live_tree 09;302;Cecropia sp;zoochooric;11;abril;14;1;1.008;1.616;;;;;;;;;;;;;;;
live_tree 09;303;asteraceae;anemochorous;5;novembro;1;1;1.01;4.348;;;;;;;;;;;;;;;
live_tree 09;304;asteraceae;anemochorous;5;janeiro;3;1;1.01;4.348;;;;;;;;;;;;;;;
live_tree 09;305;asteraceae;anemochorous;5;junho;1;1;1.01;4.348;;;;;;;;;;;;;;;
live_tree 09;306;morfo 23;zoochooric;47;janeiro;6;1;5.502857143;8.535714286;;;;;;;;;;;;;;;
live_tree 09;307;morfo 21;zoochooric;44;janeiro;1;1;4.54;3.66;;;;;;;;;;;;;;;
live_tree 09;308;morfo 24;autochorous;48;janeiro;1;1;4.786818182;5.332181818;;;;;;;;;;;;;;;
live_tree 09;309;morfo 24;autochorous;48;março;1;1;4.786818182;5.332181818;;;;;;;;;;;;;;;
live_tree 09;310;morfo 33;zoochooric;59;janeiro;6;1;1.884;1.989;;;;;;;;;;;;;;;
live_tree 09;311;morfo 34;zoochooric;60;janeiro;1;1;2.7125;2.695;;;;;;;;;;;;;;;
live_tree 09;312;morfo 35;zoochooric;61;janeiro;2;1;2.8125;6.4675;;;;;;;;;;;;;;;
live_tree 09;313;morfo 36;zoochooric;62;janeiro;1;1;2.486;5.815;;;;;;;;;;;;;;;
live_tree 09;314;morfo 36;zoochooric;62;março;23;1;2.486;5.815;;;;;;;;;;;;;;;
live_tree 09;315;morfo 36;zoochooric;62;abril;25;1;2.486;5.815;;;;;;;;;;;;;;;
live_tree 09;316;morfo 66;anemochorous;105;maio;1;1;12.485;19.505;;;;;;;;;;;;;;;
live_tree 09;317;morfo 8;anemochorous;25;maio;10;1;2.407;3.809;;;;;;;;;;;;;;;
live_tree 09;318;Schinus terebinthifoliu Morfo 42;zoochooric;49;junho;2;1;3.696;3.161;;;;;;;;;;;;;;;
live_tree 09;319;Schinus terebinthifoliu Morfo 42;zoochooric;49;julho;2;1;3.696;3.161;;;;;;;;;;;;;;;
live_tree 09;320;asteraceae;anemochorous;5;julho;1;1;1.01;4.348;;;;;;;;;;;;;;;
live_tree 09;321;morfo 55;zoochooric;87;julho;1;1;2.071;2.349;;;;;;;;;;;;;;;
live_tree 09;322;morfo 48;zoochooric;77;julho;1;1;2.489;3.754;;;;;;;;;;;;;;;
live_tree 09;323;Poaceae;anemochorous;14;setembro;2;1;2.15;3.449;;;;;;;;;;;;;;;
live_tree 09;324;morfo 48;zoochooric;77;setembro;1;1;2.489;3.754;;;;;;;;;;;;;;;
live_tree 09;325;Poaceae;anemochorous;14;outubro;3;1;2.15;3.449;;;;;;;;;;;;;;;
live_tree 09;326;Cecropia sp;zoochooric;11;outubro;14;1;1.008;1.616;;;;;;;;;;;;;;;
live_tree 10;327;Pera glabrata;zoochooric;8;novembro;6;1;4.299;6.082;;;;;;;;;;;;;;;
live_tree 10;328;asteraceae;anemochorous;5;novembro;1;1;1.01;4.348;;;;;;;;;;;;;;;
live_tree 10;329;morfo 78;zoochooric;78;março;1;1;3.415;4.778333333;;;;;;;;;;;;;;;
live_tree 10;330;asteraceae;anemochorous;5;abril;1;1;1.01;4.348;;;;;;;;;;;;;;;
live_tree 10;331;Cecropia sp;zoochooric;11;abril;7;1;1.008;1.616;;;;;;;;;;;;;;;
live_tree 10;332;Cecropia sp;zoochooric;11;maio;3;1;1.008;1.616;;;;;;;;;;;;;;;
live_tree 10;333;morfo 4;anemochorous;20;maio;1;1;4.625;7.3;;;;;;;;;;;;;;;
live_tree 10;334;Brysonimia;zoochooric;86;maio;1;1;5.597;4.799;;;;;;;;;;;;;;;
live_tree 10;335;morfo 82;zoochooric;123;outubro;1;1;11.35;23.08;;;;;;;;;;;;;;;
live_tree 11;336;Cecropia sp;zoochooric;11;novembro;166;2;1.008;1.616;;;;;;;;;;;;;;;
live_tree 11;337;Cecropia sp;zoochooric;11;dezembro;417;2;1.008;1.616;;;;;;;;;;;;;;;
live_tree 11;338;Cecropia sp;zoochooric;11;janeiro;447;2;1.008;1.616;;;;;;;;;;;;;;;
live_tree 11;339;Cecropia sp;zoochooric;11;fevereiro;4;2;1.008;1.616;;;;;;;;;;;;;;;
live_tree 11;340;Cecropia sp;zoochooric;11;março;7;2;1.008;1.616;;;;;;;;;;;;;;;
live_tree 11;341;Cecropia sp;zoochooric;11;abril;16;2;1.008;1.616;;;;;;;;;;;;;;;
live_tree 11;342;asteraceae;anemochorous;5;abril;2;2;1.01;4.348;;;;;;;;;;;;;;;
live_tree 11;343;Lantana camara (morfo 13);zoochooric;32;novembro;1;2;2.752;3.936;;;;;;;;;;;;;;;
live_tree 11;344;Pera glabrata;zoochooric;11;novembro;6;2;4.299;6.082;;;;;;;;;;;;;;;
live_tree 11;345;morfo 48;zoochooric;77;março;1;2;2.489;3.754;;;;;;;;;;;;;;;
live_tree 11;346;Tabebuia insignis (bignoniaceae;anemochorous;101;abril;8;2;10.43125;17.16444444;;;;;;;;;;;;;;;
live_tree 11;347;morfo 55;zoochooric;87;abril;2;2;2.071;2.349;;;;;;;;;;;;;;;
live_tree 11;348;morfo 55;zoochooric;87;maio;4;2;2.071;2.349;;;;;;;;;;;;;;;
live_tree 11;349;morfo 55;zoochooric;87;junho;54;2;2.071;2.349;;;;;;;;;;;;;;;
live_tree 11;350;morfo 55;zoochooric;87;julho;1;2;2.071;2.349;;;;;;;;;;;;;;;
live_tree 11;351;Schinus terebinthifoliu Morfo 42;zoochooric;49;junho;19;2;3.696;3.161;;;;;;;;;;;;;;;
live_tree 11;352;Schinus terebinthifoliu Morfo 42;zoochooric;49;julho;2;2;3.696;3.161;;;;;;;;;;;;;;;
live_tree 11;353;Pseudobombax (bombaceae);autochorous;118;agosto;1;2;3.38;3.95;;;;;;;;;;;;;;;
live_tree 11;354;morfo 5;zoochooric;22;agosto;1;2;5.934;7.99;;;;;;;;;;;;;;;
live_tree 11;355;Poaceae;anemochorous;14;setembro;1;2;2.15;3.449;;;;;;;;;;;;;;;
live_tree 11;356;morfo 55;zoochooric;87;setembro;1;2;2.071;2.349;;;;;;;;;;;;;;;
live_tree 11;357;asteraceae;anemochorous;5;outubro;2;2;1.01;4.348;;;;;;;;;;;;;;;
live_tree 11;358;Poaceae;anemochorous;14;outubro;1;2;2.15;3.449;;;;;;;;;;;;;;;
live_tree 12;359;morfo 11;zoochooric;29;novembro;1;2;8.15;7.8;;;;;;;;;;;;;;;
live_tree 12;360;Cecropia sp;zoochooric;11;novembro;53;2;1.008;1.616;;;;;;;;;;;;;;;
live_tree 12;361;Cecropia sp;zoochooric;11;janeiro;127;2;1.008;1.616;;;;;;;;;;;;;;;
live_tree 12;362;Cecropia sp;zoochooric;11;fevereiro;1;2;1.008;1.616;;;;;;;;;;;;;;;
live_tree 12;363;Cecropia sp;zoochooric;11;março;7;2;1.008;1.616;;;;;;;;;;;;;;;
live_tree 12;364;Cecropia sp;zoochooric;11;dezembro;200;2;1.008;1.616;;;;;;;;;;;;;;;
live_tree 12;365;Pera glabrata;zoochooric;8;novembro;1;2;4.299;6.082;;;;;;;;;;;;;;;
live_tree 12;366;Pera glabrata;zoochooric;8;junho;1;2;4.299;6.082;;;;;;;;;;;;;;;
live_tree 12;367;Annona (Guatteria);zoochooric;36;dezembro;1;2;4.592;8.48;;;;;;;;;;;;;;;
live_tree 12;368;morfo 31;zoochooric;57;janeiro;2;2;1.296;3.948;;;;;;;;;;;;;;;
live_tree 12;369;morfo 8;anemochorous;25;fevereiro;3;2;2.407;3.809;;;;;;;;;;;;;;;
live_tree 12;370;Lantana camara (morfo 13);zoochooric;16;fevereiro;1;2;2.752;3.936;;;;;;;;;;;;;;;
live_tree 12;371;Lantana camara (morfo 13);zoochooric;16;março;3;2;2.752;3.936;;;;;;;;;;;;;;;
live_tree 12;372;Lantana camara (morfo 13);zoochooric;16;abril;2;2;2.752;3.936;;;;;;;;;;;;;;;
live_tree 12;373;Lantana camara (morfo 13);zoochooric;16;junho;6;2;2.752;3.936;;;;;;;;;;;;;;;
live_tree 12;374;morfo 24;autochorous;48;março;1;2;4.786818182;5.332181818;;;;;;;;;;;;;;;
live_tree 12;375;morfo 55;zoochooric;87;março;1;2;2.071;2.349;;;;;;;;;;;;;;;
live_tree 12;376;morfo 55;zoochooric;87;abril;41;2;2.071;2.349;;;;;;;;;;;;;;;
live_tree 12;377;morfo 55;zoochooric;87;maio;96;2;2.071;2.349;;;;;;;;;;;;;;;
live_tree 12;378;morfo 55;zoochooric;87;junho;56;2;2.071;2.349;;;;;;;;;;;;;;;
live_tree 12;379;asteraceae;anemochorous;5;março;2;2;1.01;4.348;;;;;;;;;;;;;;;
live_tree 12;380;Tapira (Annacardiaceae);zoochooric;104;abril;1;2;6.38;8.25;;;;;;;;;;;;;;;
live_tree 12;381;Schinus terebinthifoliu Morfo 42;zoochooric;49;maio;2;2;3.696;3.161;;;;;;;;;;;;;;;
live_tree 12;382;Schinus terebinthifoliu Morfo 42;zoochooric;49;junho;13;2;3.696;3.161;;;;;;;;;;;;;;;
live_tree 12;383;morfo 36;zoochooric;62;julho;7;2;2.486;5.815;;;;;;;;;;;;;;;
live_tree 12;384;Lantana camara (morfo 13);zoochooric;16;julho;3;2;2.752;3.936;;;;;;;;;;;;;;;
live_tree 12;385;morfo 55;zoochooric;87;julho;3;2;2.071;2.349;;;;;;;;;;;;;;;
live_tree 12;386;Lantana camara (morfo 13);zoochooric;16;agosto;42;2;2.752;3.936;;;;;;;;;;;;;;;
live_tree 12;387;asteraceae;anemochorous;5;agosto;2;2;1.01;4.348;;;;;;;;;;;;;;;
live_tree 12;388;morfo 55;zoochooric;87;outubro;1;2;2.071;2.349;;;;;;;;;;;;;;;
live_tree 12;389;Poaceae;anemochorous;14;outubro;1;2;2.15;3.449;;;;;;;;;;;;;;;
live_tree 12;390;morfo 26;anemochorous;50;outubro;1;2;7.912;21.8;;;;;;;;;;;;;;;
live_tree 13;391;Poaceae;anemochorous;14;novembro;6;2;2.15;3.449;;;;;;;;;;;;;;;
live_tree 13;392;Lantana camara (morfo 13);zoochooric;32;novembro;1;2;2.752;3.936;;;;;;;;;;;;;;;
live_tree 13;393;Lantana camara (morfo 13);zoochooric;32;dezembro;2;2;2.752;3.936;;;;;;;;;;;;;;;
live_tree 13;394;Lantana camara (morfo 13);zoochooric;32;janeiro;1;2;2.752;3.936;;;;;;;;;;;;;;;
live_tree 13;395;Lantana camara (morfo 13);zoochooric;32;fevereiro;3;2;2.752;3.936;;;;;;;;;;;;;;;
live_tree 13;396;Lantana camara (morfo 13);zoochooric;32;março;13;2;2.752;3.936;;;;;;;;;;;;;;;
live_tree 13;397;asteraceae;anemochorous;5;novembro;3;2;1.01;4.348;;;;;;;;;;;;;;;
live_tree 13;398;asteraceae;anemochorous;5;dezembro;16;2;1.01;4.348;;;;;;;;;;;;;;;
live_tree 13;399;Cecropia sp;zoochooric;11;dezembro;35;2;1.008;1.616;;;;;;;;;;;;;;;
live_tree 13;400;Cecropia sp;zoochooric;11;janeiro;22;2;1.008;1.616;;;;;;;;;;;;;;;
live_tree 13;401;morfo 21;zoochooric;44;janeiro;1;2;4.54;3.66;;;;;;;;;;;;;;;
live_tree 13;402;morfo 24;autochorous;48;janeiro;2;2;4.786818182;5.332181818;;;;;;;;;;;;;;;
live_tree 13;403;morfo 31;zoochooric;57;janeiro;1;2;1.296;3.948;;;;;;;;;;;;;;;
live_tree 13;404;Araliaceae (Schefflera);zoochooric;35;fevereiro;1;2;3.458;4.769;;;;;;;;;;;;;;;
live_tree 13;405;morfo 8;anemochorous;25;março;1;2;2.407;3.809;;;;;;;;;;;;;;;
live_tree 13;406;morfo 8;anemochorous;25;maio;1;2;2.407;3.809;;;;;;;;;;;;;;;
live_tree 13;407;morfo 55;zoochooric;87;abril;14;2;2.071;2.349;;;;;;;;;;;;;;;
live_tree 13;408;morfo 55;zoochooric;87;maio;38;2;2.071;2.349;;;;;;;;;;;;;;;
live_tree 13;409;morfo 55;zoochooric;87;junho;53;2;2.071;2.349;;;;;;;;;;;;;;;
live_tree 13;410;Pera glabrata;zoochooric;8;maio;1;2;4.299;6.082;;;;;;;;;;;;;;;
live_tree 13;411;Brysonimia;zoochooric;86;maio;1;2;5.597;4.799;;;;;;;;;;;;;;;
live_tree 13;412;morfo 69;zoochooric;108;maio;1;2;4.71;9.08;;;;;;;;;;;;;;;
live_tree 13;413;morfo 70;zoochooric;109;junho;1;2;2.81;3.56;;;;;;;;;;;;;;;
live_tree 13;414;Schinus terebinthifoliu Morfo 42;zoochooric;49;junho;5;2;3.696;3.161;;;;;;;;;;;;;;;
live_tree 13;415;morfo 55;zoochooric;87;julho;8;2;2.071;2.349;;;;;;;;;;;;;;;
live_tree 13;416;Poaceae;anemochorous;14;agosto;38;2;2.15;3.449;;;;;;;;;;;;;;;
live_tree 13;417;morfo 55;zoochooric;87;agosto;20;2;2.071;2.349;;;;;;;;;;;;;;;
live_tree 13;418;Lantana camara (morfo 13);zoochooric;32;agosto;2;2;2.752;3.936;;;;;;;;;;;;;;;
live_tree 13;419;asteraceae;anemochorous;5;agosto;1;2;1.01;4.348;;;;;;;;;;;;;;;
live_tree 13;420;Poaceae;anemochorous;14;setembro;29;2;2.15;3.449;;;;;;;;;;;;;;;
live_tree 13;421;morfo 55;zoochooric;87;setembro;4;2;2.071;2.349;;;;;;;;;;;;;;;
live_tree 13;422;morfo 55;zoochooric;87;outubro;6;2;2.071;2.349;;;;;;;;;;;;;;;
live_tree 13;423;Lantana camara (morfo 13);zoochooric;87;outubro;2;2;2.752;3.936;;;;;;;;;;;;;;;
live_tree 13;424;asteraceae;anemochorous;5;outubro;1;2;1.01;4.348;;;;;;;;;;;;;;;
live_tree 13;425;Poaceae;anemochorous;14;outubro;17;2;2.15;3.449;;;;;;;;;;;;;;;
live_tree 14;426;morfo 73;autochorous;113;novembro;1;2;4.046666667;4.593333333;;;;;;;;;;;;;;;
live_tree 14;427;Cecropia sp;zoochooric;11;novembro;86;2;1.008;1.616;;;;;;;;;;;;;;;
live_tree 14;428;Cecropia sp;zoochooric;11;dezembro;186;2;1.008;1.616;;;;;;;;;;;;;;;
live_tree 14;429;Cecropia sp;zoochooric;11;janeiro;124;2;1.008;1.616;;;;;;;;;;;;;;;
live_tree 14;430;Cecropia sp;zoochooric;11;fevereiro;4;2;1.008;1.616;;;;;;;;;;;;;;;
live_tree 14;431;Cecropia sp;zoochooric;11;março;7;2;1.008;1.616;;;;;;;;;;;;;;;
live_tree 14;432;asteraceae;anemochorous;5;dezembro;2;2;1.01;4.348;;;;;;;;;;;;;;;
live_tree 14;433;asteraceae;anemochorous;5;janeiro;4;2;1.01;4.348;;;;;;;;;;;;;;;
live_tree 14;434;asteraceae;anemochorous;5;fevereiro;1;2;1.01;4.348;;;;;;;;;;;;;;;
live_tree 14;435;Poaceae;anemochorous;14;dezembro;1;2;2.15;3.449;;;;;;;;;;;;;;;
live_tree 14;436;Schinus terebinthifoliu Morfo 42;zoochooric;49;maio;1;2;3.696;3.161;;;;;;;;;;;;;;;
live_tree 14;437;morfo 55;zoochooric;87;maio;7;2;2.071;2.349;;;;;;;;;;;;;;;
live_tree 14;438;morfo 55;zoochooric;87;junho;1;2;2.071;2.349;;;;;;;;;;;;;;;
live_tree 14;439;asteraceae;anemochorous;5;julho;1;2;1.01;4.348;;;;;;;;;;;;;;;
live_tree 14;440;Poaceae;anemochorous;14;setembro;1;2;2.15;3.449;;;;;;;;;;;;;;;
live_tree 14;441;Poaceae;anemochorous;14;outubro;1;2;2.15;3.449;;;;;;;;;;;;;;;
live_tree 14;442;morfo 48;zoochooric;77;outubro;1;2;2.489;3.754;;;;;;;;;;;;;;;
live_tree 15;443;asteraceae;anemochorous;5;novembro;15;2;1.01;4.348;;;;;;;;;;;;;;;
live_tree 15;444;asteraceae;anemochorous;5;janeiro;1;2;1.01;4.348;;;;;;;;;;;;;;;
live_tree 15;445;Pera glabrata;zoochooric;8;novembro;4;2;4.299;6.082;;;;;;;;;;;;;;;
live_tree 15;446;Poaceae;anemochorous;14;novembro;6;2;2.15;3.449;;;;;;;;;;;;;;;
live_tree 15;447;Lantana camara (morfo 13);zoochooric;16;novembro;2;2;2.752;3.936;;;;;;;;;;;;;;;
live_tree 15;448;Lantana camara (morfo 13);zoochooric;16;fevereiro;5;2;2.752;3.936;;;;;;;;;;;;;;;
live_tree 15;449;Lantana camara (morfo 13);zoochooric;16;junho;1;2;2.752;3.936;;;;;;;;;;;;;;;
live_tree 15;450;Cecropia sp;zoochooric;11;novembro;42;2;1.008;1.616;;;;;;;;;;;;;;;
live_tree 15;451;Cecropia sp;zoochooric;11;dezembro;50;2;1.008;1.616;;;;;;;;;;;;;;;
live_tree 15;452;Cecropia sp;zoochooric;11;janeiro;106;2;1.008;1.616;;;;;;;;;;;;;;;
live_tree 15;453;Cecropia sp;zoochooric;11;fevereiro;43;2;1.008;1.616;;;;;;;;;;;;;;;
live_tree 15;454;Araliaceae (Schefflera);zoochooric;35;janeiro;2;2;3.458;4.769;;;;;;;;;;;;;;;
live_tree 15;455;Araliaceae (Schefflera);zoochooric;35;fevereiro;1;2;3.458;4.769;;;;;;;;;;;;;;;
live_tree 15;456;Cecropia sp;zoochooric;11;março;1;2;1.008;1.616;;;;;;;;;;;;;;;
live_tree 15;457;morfo 8;anemochorous;25;março;15;2;2.407;3.809;;;;;;;;;;;;;;;
live_tree 15;458;morfo 8;anemochorous;25;abril;11;2;2.407;3.809;;;;;;;;;;;;;;;
live_tree 15;459;morfo 43 (Ephorbiaceae??);autochorous;70;março;1;2;2.745;4.69;;;;;;;;;;;;;;;
live_tree 15;460;apocynaceae;anemochorous;21;abril;2;2;1.66;11.21;;;;;;;;;;;;;;;
live_tree 15;461;Schinus terebinthifoliu Morfo 42;zoochooric;49;junho;29;2;3.696;3.161;;;;;;;;;;;;;;;
live_tree 15;462;morfo 55;zoochooric;87;junho;5;2;2.071;2.349;;;;;;;;;;;;;;;
live_tree 15;463;morfo 70;zoochooric;109;junho;1;2;2.81;3.56;;;;;;;;;;;;;;;
live_tree 15;464;Pera glabrata;zoochooric;8;agosto;2;2;4.299;6.082;;;;;;;;;;;;;;;
live_tree 15;465;Poaceae;anemochorous;14;agosto;3;2;2.15;3.449;;;;;;;;;;;;;;;
live_tree 15;466;Cecropia sp;zoochooric;11;setembro;3;2;1.008;1.616;;;;;;;;;;;;;;;
live_tree 15;467;Lantana camara (morfo 13);zoochooric;16;setembro;11;2;2.752;3.936;;;;;;;;;;;;;;;
live_tree 15;468;morfo 55;zoochooric;87;setembro;7;2;2.071;2.349;;;;;;;;;;;;;;;
live_tree 15;469;Poaceae;anemochorous;14;setembro;17;2;2.15;3.449;;;;;;;;;;;;;;;
live_tree 15;470;Poaceae;anemochorous;14;outubro;4;2;2.15;3.449;;;;;;;;;;;;;;;
live_tree 15;471;Cecropia sp;zoochooric;11;outubro;46;2;1.008;1.616;;;;;;;;;;;;;;;
live_tree 15;472;Lantana camara (morfo 13);zoochooric;16;outubro;2;2;2.752;3.936;;;;;;;;;;;;;;;
live_tree 16;473;Cecropia sp;zoochooric;11;novembro;826;2;1.008;1.616;;;;;;;;;;;;;;;
live_tree 16;474;Cecropia sp;zoochooric;11;dezembro;391;2;1.008;1.616;;;;;;;;;;;;;;;
live_tree 16;475;Cecropia sp;zoochooric;11;janeiro;98;2;1.008;1.616;;;;;;;;;;;;;;;
live_tree 16;476;Cecropia sp;zoochooric;11;fevereiro;25;2;1.008;1.616;;;;;;;;;;;;;;;
live_tree 16;477;Cecropia sp;zoochooric;11;março;12;2;1.008;1.616;;;;;;;;;;;;;;;
live_tree 16;478;Cecropia sp;zoochooric;11;abril;3;2;1.008;1.616;;;;;;;;;;;;;;;
live_tree 16;479;Poaceae;anemochorous;14;novembro;1;2;2.15;3.449;;;;;;;;;;;;;;;
live_tree 16;480;asteraceae;anemochorous;5;dezembro;1;2;1.01;4.348;;;;;;;;;;;;;;;
live_tree 16;481;asteraceae;anemochorous;5;abril;3;2;1.01;4.348;;;;;;;;;;;;;;;
live_tree 16;482;asteraceae;anemochorous;5;maio;2;2;1.01;4.348;;;;;;;;;;;;;;;
live_tree 16;483;Annona (Guatteria);zoochooric;36;janeiro;2;2;4.592;8.48;;;;;;;;;;;;;;;
live_tree 16;484;Araliaceae (Schefflera);zoochooric;35;março;9;2;3.458;4.769;;;;;;;;;;;;;;;
live_tree 16;485;morfo 44;anemochorous;72;março;1;2;3.548333333;3.553333333;;;;;;;;;;;;;;;
live_tree 16;486;morfo 57;autochorous;89;março;1;2;3.44;4.88;;;;;;;;;;;;;;;
live_tree 16;487;Brysonimia;zoochooric;86;abril;1;2;5.597;4.799;;;;;;;;;;;;;;;
live_tree 16;488;Psychotria carlhagenensis;zoochooric;73;abril;3;2;3.401111111;4.758888889;;;;;;;;;;;;;;;
live_tree 16;489;morfo 8;anemochorous;25;junho;2;2;2.407;3.809;;;;;;;;;;;;;;;
live_tree 16;490;apocynaceae;anemochorous;21;junho;2;2;1.66;11.21;;;;;;;;;;;;;;;
live_tree 16;491;Schinus terebinthifoliu Morfo 42;zoochooric;49;julho;1;2;3.696;3.161;;;;;;;;;;;;;;;
live_tree 16;492;morfo 55;zoochooric;87;julho;1;2;2.071;2.349;;;;;;;;;;;;;;;
live_tree 16;493;Lantana camara (morfo 13);zoochooric;16;setembro;3;2;2.752;3.936;;;;;;;;;;;;;;;
live_tree 16;494;Cecropia sp;zoochooric;11;outubro;5;2;1.008;1.616;;;;;;;;;;;;;;;
live_tree 16;495;morfo 55;zoochooric;87;outubro;3;2;2.071;2.349;;;;;;;;;;;;;;;
live_tree 16;496;Lantana camara (morfo 13);zoochooric;16;outubro;1;2;2.752;3.936;;;;;;;;;;;;;;;
live_tree 16;497;Poaceae;anemochorous;14;outubro;2;2;2.15;3.449;;;;;;;;;;;;;;;
live_tree 17;498;apocynaceae;anemochorous;21;janeiro;1;2;1.66;11.21;;;;;;;;;;;;;;;
live_tree 17;499;morfo 43 (Ephorbiaceae??);autochorous;70;janeiro;1;2;2.745;4.69;;;;;;;;;;;;;;;
live_tree 17;500;Cecropia sp;zoochooric;11;janeiro;684;2;1.008;1.616;;;;;;;;;;;;;;;
live_tree 17;501;Cecropia sp;zoochooric;11;março;19;2;1.008;1.616;;;;;;;;;;;;;;;
live_tree 17;502;Cecropia sp;zoochooric;11;abril;18;2;1.008;1.616;;;;;;;;;;;;;;;
live_tree 17;503;Cecropia sp;zoochooric;11;maio;4;2;1.008;1.616;;;;;;;;;;;;;;;
live_tree 17;504;morfo 31;zoochooric;57;janeiro;1;2;1.296;3.948;;;;;;;;;;;;;;;
live_tree 17;505;morfo 8;anemochorous;25;fevereiro;3;2;2.407;3.809;;;;;;;;;;;;;;;
live_tree 17;506;Brysonimia;zoochooric;86;março;1;2;5.597;4.799;;;;;;;;;;;;;;;
live_tree 17;507;Brysonimia;zoochooric;86;abril;4;2;5.597;4.799;;;;;;;;;;;;;;;
live_tree 17;508;Brysonimia;zoochooric;86;junho;1;2;5.597;4.799;;;;;;;;;;;;;;;
live_tree 17;509;Lantana camara (morfo 13);zoochooric;32;março;2;2;2.752;3.936;;;;;;;;;;;;;;;
live_tree 17;510;Lantana camara (morfo 13);zoochooric;32;abril;2;2;2.752;3.936;;;;;;;;;;;;;;;
live_tree 17;511;Brysonimia;zoochooric;86;abril;1;2;5.597;4.799;;;;;;;;;;;;;;;
live_tree 17;512;Schinus terebinthifoliu Morfo 42;zoochooric;49;maio;9;2;3.696;3.161;;;;;;;;;;;;;;;
live_tree 17;513;Schinus terebinthifoliu Morfo 42;zoochooric;49;junho;7;2;3.696;3.161;;;;;;;;;;;;;;;
live_tree 17;514;morfo 55;zoochooric;87;maio;8;2;2.071;2.349;;;;;;;;;;;;;;;
live_tree 17;515;morfo 55;zoochooric;87;junho;9;2;2.071;2.349;;;;;;;;;;;;;;;
live_tree 17;516;morfo 8;anemochorous;25;julho;4;2;2.407;3.809;;;;;;;;;;;;;;;
live_tree 17;517;morfo 8;anemochorous;25;agosto;6;2;2.407;3.809;;;;;;;;;;;;;;;
live_tree 17;518;Schinus terebinthifoliu Morfo 42;zoochooric;49;julho;1;2;3.696;3.161;;;;;;;;;;;;;;;
live_tree 17;519;morfo 8;anemochorous;25;setembro;3;2;2.407;3.809;;;;;;;;;;;;;;;
live_tree 17;520;asteraceae;anemochorous;5;outubro;1;2;1.01;4.348;;;;;;;;;;;;;;;
live_tree 18;521;Pera glabrata;zoochooric;8;novembro;2;2;4.299;6.082;;;;;;;;;;;;;;;
live_tree 18;522;Cecropia sp;zoochooric;11;novembro;40;2;1.008;1.616;;;;;;;;;;;;;;;
live_tree 18;523;Cecropia sp;zoochooric;11;dezembro;60;2;1.008;1.616;;;;;;;;;;;;;;;
live_tree 18;524;Cecropia sp;zoochooric;11;janeiro;23;2;1.008;1.616;;;;;;;;;;;;;;;
live_tree 18;525;Cecropia sp;zoochooric;11;março;4;2;1.008;1.616;;;;;;;;;;;;;;;
live_tree 18;526;Cecropia sp;zoochooric;11;abril;2;2;1.008;1.616;;;;;;;;;;;;;;;
live_tree 18;527;Cecropia sp;zoochooric;11;junho;42;2;1.008;1.616;;;;;;;;;;;;;;;
live_tree 18;528;Schinus terebinthifoliu Morfo 42;zoochooric;49;julho;3;2;3.696;3.161;;;;;;;;;;;;;;;
live_tree 18;529;morfo 55;zoochooric;87;julho;1;2;2.071;2.349;;;;;;;;;;;;;;;
live_tree 18;530;Poaceae;anemochorous;14;novembro;1;2;2.15;3.449;;;;;;;;;;;;;;;
live_tree 18;531;morfo 44;anemochorous;72;fevereiro;4;2;3.548333333;3.553333333;;;;;;;;;;;;;;;
live_tree 18;532;morfo 36;zoochooric;62;fevereiro;17;2;2.486;5.815;;;;;;;;;;;;;;;
live_tree 18;533;Brysonimia;zoochooric;86;abril;1;2;5.597;4.799;;;;;;;;;;;;;;;
live_tree 18;534;asteraceae;anemochorous;5;abril;1;2;1.01;4.348;;;;;;;;;;;;;;;
live_tree 18;535;morfo 55;zoochooric;87;junho;12;2;2.071;2.349;;;;;;;;;;;;;;;
live_tree 18;536;Lantana camara (morfo 13);zoochooric;16;junho;4;2;2.752;3.936;;;;;;;;;;;;;;;
live_tree 18;537;Schinus terebinthifoliu Morfo 42;zoochooric;49;junho;11;2;3.696;3.161;;;;;;;;;;;;;;;
live_tree 18;538;Schinus terebinthifoliu Morfo 42;zoochooric;49;julho;3;2;3.696;3.161;;;;;;;;;;;;;;;
live_tree 18;539;morfo 55;zoochooric;87;julho;1;2;2.071;2.349;;;;;;;;;;;;;;;
live_tree 18;540;Lantana camara (morfo 13);zoochooric;16;outubro;1;2;2.752;3.936;;;;;;;;;;;;;;;
live_tree 19;541;Pouteria sp. (Sapotaceae);zoochooric;18;novembro;1;2;10.028;16.86;;;;;;;;;;;;;;;
live_tree 19;542;Pouteria sp. (Sapotaceae);zoochooric;18;janeiro;1;2;10.028;16.86;;;;;;;;;;;;;;;
live_tree 19;543;Pera glabrata;zoochooric;8;novembro;3;2;4.299;6.082;;;;;;;;;;;;;;;
live_tree 19;544;Pera glabrata;zoochooric;8;janeiro;3;2;4.299;6.082;;;;;;;;;;;;;;;
live_tree 19;545;asteraceae;anemochorous;5;novembro;2;2;1.01;4.348;;;;;;;;;;;;;;;
live_tree 19;546;asteraceae;anemochorous;5;março;31;2;1.01;4.348;;;;;;;;;;;;;;;
live_tree 19;547;asteraceae;anemochorous;5;abril;1;2;1.01;4.348;;;;;;;;;;;;;;;
live_tree 19;548;Cecropia sp;zoochooric;11;novembro;28;2;1.008;1.616;;;;;;;;;;;;;;;
live_tree 19;549;Cecropia sp;zoochooric;11;dezembro;300;2;1.008;1.616;;;;;;;;;;;;;;;
live_tree 19;550;Cecropia sp;zoochooric;11;janeiro;1,167;2;1.008;1.616;;;;;;;;;;;;;;;
live_tree 19;551;Araliaceae (Schefflera);zoochooric;35;janeiro;1;2;3.458;4.769;;;;;;;;;;;;;;;
live_tree 19;552;morfo 36;zoochooric;62;fevereiro;27;2;2.486;5.815;;;;;;;;;;;;;;;
live_tree 19;553;Smilax sp;zoochooric;74;fevereiro;1;2;6.192;6.494;;;;;;;;;;;;;;;
live_tree 19;554;Macrosomanea sp ou Balizia ( fabaceae);autochorous;10;abril;2;2;3.46;6.096;;;;;;;;;;;;;;;
live_tree 19;555;Schinus terebinthifoliu Morfo 42;zoochooric;49;junho;13;2;3.696;3.161;;;;;;;;;;;;;;;
live_tree 19;556;morfo 55;zoochooric;87;junho;2;2;2.071;2.349;;;;;;;;;;;;;;;
live_tree 19;557;Pouteria sp. (Sapotaceae);zoochooric;18;julho;1;2;10.028;16.86;;;;;;;;;;;;;;;
live_tree 19;558;Paulinia sp.;zoochooric;115;julho;2;2;5.84;7.164285714;;;;;;;;;;;;;;;
live_tree 19;559;morfo 5;zoochooric;22;agosto;1;2;5.934;7.99;;;;;;;;;;;;;;;
live_tree 19;560;Pera glabrata;zoochooric;8;agosto;1;2;4.299;6.082;;;;;;;;;;;;;;;
live_tree 19;561;Pouteria sp. (Sapotaceae);zoochooric;18;setembro;2;2;10.028;16.86;;;;;;;;;;;;;;;
live_tree 19;562;Poaceae;anemochorous;14;setembro;2;2;2.15;3.449;;;;;;;;;;;;;;;
live_tree 19;563;Poaceae;anemochorous;14;outubro;2;2;2.15;3.449;;;;;;;;;;;;;;;
live_tree 19;564;Pera glabrata;zoochooric;8;outubro;2;2;4.299;6.082;;;;;;;;;;;;;;;
live_tree 19;565;Cecropia sp;zoochooric;11;outubro;1;2;1.008;1.616;;;;;;;;;;;;;;;
live_tree 20;566;asteraceae;anemochorous;5;novembro;38;2;1.01;4.348;;;;;;;;;;;;;;;
live_tree 20;567;asteraceae;anemochorous;5;dezembro;29;2;1.01;4.348;;;;;;;;;;;;;;;
live_tree 20;568;asteraceae;anemochorous;5;janeiro;48;2;1.01;4.348;;;;;;;;;;;;;;;
live_tree 20;569;asteraceae;anemochorous;5;fevereiro;27;2;1.01;4.348;;;;;;;;;;;;;;;
live_tree 20;570;asteraceae;anemochorous;5;junho;7;2;1.01;4.348;;;;;;;;;;;;;;;
live_tree 20;571;Poaceae;anemochorous;14;novembro;5;2;2.15;3.449;;;;;;;;;;;;;;;
live_tree 20;572;Poaceae;anemochorous;14;dezembro;1;2;2.15;3.449;;;;;;;;;;;;;;;
live_tree 20;573;Cecropia sp;zoochooric;42;dezembro;76;2;1.008;1.616;;;;;;;;;;;;;;;
live_tree 20;574;Cecropia sp;zoochooric;42;janeiro;5;2;1.008;1.616;;;;;;;;;;;;;;;
live_tree 20;575;Cecropia sp;zoochooric;42;fevereiro;19;2;1.008;1.616;;;;;;;;;;;;;;;
live_tree 20;576;Cecropia sp;zoochooric;42;março;1;2;1.008;1.616;;;;;;;;;;;;;;;
live_tree 20;577;Cecropia sp;zoochooric;42;maio;1;2;1.008;1.616;;;;;;;;;;;;;;;
live_tree 20;578;morfo 20;zoochooric;43;dezembro;2;2;5.34;9.405;;;;;;;;;;;;;;;
live_tree 20;579;morfo 30;zoochooric;56;janeiro;1;2;5.295;6.025;;;;;;;;;;;;;;;
live_tree 20;580;morfo 21;zoochooric;44;fevereiro;1;2;4.54;3.66;;;;;;;;;;;;;;;
live_tree 20;581;Araliaceae (Schefflera);zoochooric;35;fevereiro;2;2;3.458;4.769;;;;;;;;;;;;;;;
live_tree 20;582;Lantana camara (morfo 13);zoochooric;16;fevereiro;1;2;2.752;3.936;;;;;;;;;;;;;;;
live_tree 20;583;Brysonimia;zoochooric;86;março;1;2;5.597;4.799;;;;;;;;;;;;;;;
live_tree 20;584;morfo 55;zoochooric;87;maio;11;2;2.071;2.349;;;;;;;;;;;;;;;
live_tree 20;585;morfo 56;zoochooric;87;junho;1;2;2.771666667;2.903333333;;;;;;;;;;;;;;;
live_tree 20;586;asteraceae;anemochorous;5;julho;52;2;1.01;4.348;;;;;;;;;;;;;;;
live_tree 20;587;asteraceae;anemochorous;5;agosto;18;2;1.01;4.348;;;;;;;;;;;;;;;
live_tree 20;588;asteraceae;anemochorous;5;setembro;19;2;1.01;4.348;;;;;;;;;;;;;;;
live_tree 20;589;Poaceae;anemochorous;14;setembro;1;2;2.15;3.449;;;;;;;;;;;;;;;
live_tree 20;590;Lantana camara (morfo 13);zoochooric;16;setembro;1;2;2.752;3.936;;;;;;;;;;;;;;;
live_tree 20;591;morfo 83;zoochooric;124;outubro;31;2;1.037;1.769;;;;;;;;;;;;;;;
live_tree 20;592;morfo 55;zoochooric;87;outubro;1;2;2.071;2.349;;;;;;;;;;;;;;;
live_tree 20;593;Cecropia sp;zoochooric;11;outubro;6;2;1.008;1.616;;;;;;;;;;;;;;;
live_tree 20;594;asteraceae;anemochorous;5;outubro;7;2;1.01;4.348;;;;;;;;;;;;;;;
live_tree 21;595;Cecropia sp;zoochooric;11;novembro;408;2;1.008;1.616;;;;;;;;;;;;;;;
live_tree 21;596;Cecropia sp;zoochooric;11;dezembro;358;2;1.008;1.616;;;;;;;;;;;;;;;
live_tree 21;597;Cecropia sp;zoochooric;11;janeiro;27;2;1.008;1.616;;;;;;;;;;;;;;;
live_tree 21;598;Cecropia sp;zoochooric;11;março;244;2;1.008;1.616;;;;;;;;;;;;;;;
live_tree 21;599;Cecropia sp;zoochooric;11;abril;4;2;1.008;1.616;;;;;;;;;;;;;;;
live_tree 21;600;Cecropia sp;zoochooric;11;maio;3;2;1.008;1.616;;;;;;;;;;;;;;;
live_tree 21;601;Pera glabrata;zoochooric;8;novembro;8;2;4.299;6.082;;;;;;;;;;;;;;;
live_tree 21;602;morfo 1;zoochooric;13;novembro;1;2;4.360909091;7.9;;;;;;;;;;;;;;;
live_tree 21;603;Poaceae;anemochorous;14;novembro;8;2;2.15;3.449;;;;;;;;;;;;;;;
live_tree 21;604;Cecropia sp;zoochooric;11;abril;4;2;1.008;1.616;;;;;;;;;;;;;;;
live_tree 21;605;Solanum sp.;zoochooric;55;dezembro;1;3;2.96;4.245;;;;;;;;;;;;;;;
live_tree 21;606;Solanum sp.;zoochooric;55;janeiro;1;3;2.96;4.245;;;;;;;;;;;;;;;
live_tree 21;607;Araliaceae (Schefflera);zoochooric;35;janeiro;1;3;3.458;4.769;;;;;;;;;;;;;;;
live_tree 21;608;Araliaceae (Schefflera);zoochooric;35;março;3;3;3.458;4.769;;;;;;;;;;;;;;;
live_tree 21;609;morfo 21;zoochooric;44;janeiro;1;3;4.54;3.66;;;;;;;;;;;;;;;
live_tree 21;610;asteraceae;anemochorous;5;março;5;3;1.01;4.348;;;;;;;;;;;;;;;
live_tree 21;611;morfo 36;zoochooric;62;março;10;3;2.486;5.815;;;;;;;;;;;;;;;
live_tree 21;612;Cecropia pachystachya (C2);zoochooric;92;março;30;3;1.997;1.451;;;;;;;;;;;;;;;
live_tree 21;613;morfo 59;zoochooric;91;março;1;3;3.29;7.91;;;;;;;;;;;;;;;
live_tree 21;614;morfo 56;zoochooric;88;março;1;3;2.771666667;2.903333333;;;;;;;;;;;;;;;
live_tree 21;615;morfo 60;zoochooric;93;abril;1;3;4.558;12.234;;;;;;;;;;;;;;;
live_tree 21;616;Brysonimia;zoochooric;86;abril;2;3;5.597;4.799;;;;;;;;;;;;;;;
live_tree 21;617;Schinus terebinthifoliu Morfo 42;zoochooric;49;junho;1;3;3.696;3.161;;;;;;;;;;;;;;;
live_tree 21;618;morfo 26;anemochorous;55;julho;2;3;7.912;21.8;;;;;;;;;;;;;;;
live_tree 21;619;morfo 51;autochorous;51;julho;1;3;2.3675;2.985;;;;;;;;;;;;;;;
live_tree 21;620;morfo 72;zoochooric;112;setembro;1;3;4.776666667;4.773333333;;;;;;;;;;;;;;;
live_tree 21;621;Poaceae;anemochorous;14;setembro;1;3;2.15;3.449;;;;;;;;;;;;;;;
live_tree 21;622;morfo 29;zoochooric;55;outubro;3;2;9.6;18;;;;;;;;;;;;;;;
live_tree 21;623;Poaceae;anemochorous;14;outubro;3;2;2.15;3.449;;;;;;;;;;;;;;;
live_tree 21;624;Cecropia sp;zoochooric;11;outubro;10;2;1.008;1.616;;;;;;;;;;;;;;;
live_tree 21;625;morfo 36;zoochooric;62;outubro;2;2;2.486;5.815;;;;;;;;;;;;;;;
live_tree 21;626;Psychotria carlhagenensis;zoochooric;73;outubro;2;2;3.401111111;4.758888889;;;;;;;;;;;;;;;
live_tree 22;627;asteraceae;anemochorous;5;novembro;3;3;1.01;4.348;;;;;;;;;;;;;;;
live_tree 22;628;morfo 7;anemochorous;24;novembro;2;3;3.528333333;5.956666667;;;;;;;;;;;;;;;
live_tree 22;629;morfo 7;anemochorous;24;abril;10;3;3.528333333;5.956666667;;;;;;;;;;;;;;;
live_tree 22;630;morfo 8;anemochorous;25;novembro;1;3;2.407;3.809;;;;;;;;;;;;;;;
live_tree 22;631;morfo 28;zoochooric;54;dezembro;1;3;6.64;5.35;;;;;;;;;;;;;;;
live_tree 22;632;Araliaceae (Schefflera);zoochooric;35;abril;1;3;3.458;4.769;;;;;;;;;;;;;;;
live_tree 22;633;morfo 7;anemochorous;24;junho;4;3;3.528333333;5.956666667;;;;;;;;;;;;;;;
live_tree 22;634;asteraceae;anemochorous;5;agosto;8;3;1.01;4.348;;;;;;;;;;;;;;;
live_tree 22;635;morfo 6;zoochooric;23;setembro;1;3;6.94;13.47;;;;;;;;;;;;;;;
live_tree 23;636;apocynaceae;anemochorous;21;novembro;1;3;1.66;11.21;;;;;;;;;;;;;;;
live_tree 23;637;asteraceae;anemochorous;5;novembro;2;3;1.01;4.348;;;;;;;;;;;;;;;
live_tree 23;638;asteraceae;anemochorous;5;dezembro;1;3;1.01;4.348;;;;;;;;;;;;;;;
live_tree 23;639;morfo 12;anemochorous;31;novembro;3;3;2.346;3.277;;;;;;;;;;;;;;;
live_tree 23;640;morfo 67;zoochooric;106;maio;1;3;4;4.65;;;;;;;;;;;;;;;
live_tree 23;641;morfo 56;zoochooric;88;julho;2;3;2.771666667;2.903333333;;;;;;;;;;;;;;;
live_tree 23;642;morfo 12;anemochorous;31;setembro;3;3;2.346;3.277;;;;;;;;;;;;;;;
live_tree 24;643;Annona (Guatteria);zoochooric;36;dezembro;1;3;4.592;8.48;;;;;;;;;;;;;;;
live_tree 24;644;Annona (Guatteria);zoochooric;36;abril;1;3;4.592;8.48;;;;;;;;;;;;;;;
live_tree 24;645;Xylopia sp. morfo 40;zoochooric;66;dezembro;2;3;5.60875;7.915;;;;;;;;;;;;;;;
live_tree 24;646;Xylopia sp. morfo 40;zoochooric;66;janeiro;1;3;5.60875;7.915;;;;;;;;;;;;;;;
live_tree 24;647;morfo 1;zoochooric;13;dezembro;1;3;4.360909091;7.9;;;;;;;;;;;;;;;
live_tree 24;648;Araliaceae (Schefflera);zoochooric;35;dezembro;15;3;3.458;4.769;;;;;;;;;;;;;;;
live_tree 24;649;asteraceae;anemochorous;5;dezembro;2;3;1.01;4.348;;;;;;;;;;;;;;;
live_tree 24;650;Smilax sp;zoochooric;74;fevereiro;1;3;6.192;6.494;;;;;;;;;;;;;;;
live_tree 24;651;Cecropia sp;zoochooric;11;março;3;3;1.008;1.616;;;;;;;;;;;;;;;
live_tree 24;652;Cecropia sp;zoochooric;11;abril;8;3;1.008;1.616;;;;;;;;;;;;;;;
live_tree 24;653;Cecropia sp;zoochooric;11;maio;2;3;1.008;1.616;;;;;;;;;;;;;;;
live_tree 24;654;Brysonimia;zoochooric;86;abril;1;3;5.597;4.799;;;;;;;;;;;;;;;
live_tree 24;655;morfo 12;anemochorous;31;agosto;8;3;2.346;3.277;;;;;;;;;;;;;;;
live_tree 24;656;morfo 77;zoochooric;118;setembro;6;3;3.239;3.639;;;;;;;;;;;;;;;
live_tree 24;657;Psidium sp.;zoochooric;;setembro;1;3;5.641;6.296;;;;;;;;;;;;;;;
live_tree 24;658;morfo 12;anemochorous;31;setembro;5;3;2.346;3.277;;;;;;;;;;;;;;;
live_tree 24;659;Cecropia sp;zoochooric;11;setembro;1;3;1.008;1.616;;;;;;;;;;;;;;;
live_tree 24;660;Mysinaceae (Rapanea sp);zoochooric;4;setembro;3;3;2.85875;3.24875;;;;;;;;;;;;;;;
live_tree 24;661;morfo 80;zoochooric;121;setembro;3;3;4.06;6.1125;;;;;;;;;;;;;;;
live_tree 25;662;asteraceae;anemochorous;5;novembro;9;3;1.01;4.348;;;;;;;;;;;;;;;
live_tree 25;663;asteraceae;anemochorous;5;dezembro;2;3;1.01;4.348;;;;;;;;;;;;;;;
live_tree 25;664;Pera glabrata;zoochooric;8;novembro;1;3;4.299;6.082;;;;;;;;;;;;;;;
live_tree 25;665;morfo 24;autochorous;48;fevereiro;1;3;4.786818182;5.332181818;;;;;;;;;;;;;;;
live_tree 25;666;morfo 24;autochorous;48;março;1;3;4.786818182;5.332181818;;;;;;;;;;;;;;;
live_tree 25;667;Cecropia sp;zoochooric;11;março;2;3;1.008;1.616;;;;;;;;;;;;;;;
live_tree 25;668;Cecropia sp;zoochooric;11;maio;3;3;1.008;1.616;;;;;;;;;;;;;;;
live_tree 25;669;morfo 49;anemochorous;78;março;1;3;2.5025;3.365;;;;;;;;;;;;;;;
live_tree 25;670;morfo 38;zoochooric;64;junho;1;3;1.5425;2.3125;;;;;;;;;;;;;;;
live_tree 25;671;morfo 3;zoochooric;17;junho;2;3;1.908;2.945;;;;;;;;;;;;;;;
live_tree 25;672;morfo 69;zoochooric;108;agosto;1;3;4.71;9.08;;;;;;;;;;;;;;;
live_tree 25;673;morfo 12;anemochorous;31;setembro;1;3;2.346;3.277;;;;;;;;;;;;;;;
live_tree 26;674;morfo 48;zoochooric;77;fevereiro;1;3;2.489;3.754;;;;;;;;;;;;;;;
live_tree 26;675;morfo 48;zoochooric;77;março;4;3;2.489;3.754;;;;;;;;;;;;;;;
live_tree 26;676;Brysonimia;zoochooric;86;abril;1;3;5.597;4.799;;;;;;;;;;;;;;;
live_tree 26;677;Handroanthus (bignoniaceae);anemochorous;53;abril;1;3;7.9;27.258;;;;;;;;;;;;;;;
live_tree 26;678;morfo 3;zoochooric;17;abril;1;3;1.908;2.945;;;;;;;;;;;;;;;
live_tree 26;679;morfo 33;zoochooric;59;maio;30;3;1.884;1.989;;;;;;;;;;;;;;;
live_tree 26;680;Schinus terebinthifoliu Morfo 42;zoochooric;49;junho;4;3;3.696;3.161;;;;;;;;;;;;;;;
live_tree 26;681;apocynaceae;anemochorous;21;julho;1;3;1.66;11.21;;;;;;;;;;;;;;;
live_tree 26;682;morfo 77;zoochooric;118;julho;6;3;3.239;3.639;;;;;;;;;;;;;;;
live_tree 26;683;Mysinaceae (Rapanea sp);zoochooric;4;agosto;1;3;2.85875;3.24875;;;;;;;;;;;;;;;
live_tree 26;684;asteraceae;anemochorous;5;agosto;2;3;1.01;4.348;;;;;;;;;;;;;;;
live_tree 26;685;Cecropia sp;zoochooric;11;outubro;2;3;1.008;1.616;;;;;;;;;;;;;;;
live_tree 27;686;morfo 1;zoochooric;13;novembro;7;3;4.360909091;7.9;;;;;;;;;;;;;;;
live_tree 27;687;Araliaceae (Schefflera);zoochooric;35;novembro;1;3;3.458;4.769;;;;;;;;;;;;;;;
live_tree 27;688;asteraceae;anemochorous;5;novembro;1;3;1.01;4.348;;;;;;;;;;;;;;;
live_tree 27;689;morfo 16;autochorous;38;novembro;5;3;3.991428571;6.342857143;;;;;;;;;;;;;;;
live_tree 27;690;Annona (Guatteria);zoochooric;36;dezembro;2;3;4.592;8.48;;;;;;;;;;;;;;;
live_tree 27;691;morfo 21;zoochooric;44;dezembro;1;3;4.54;3.66;;;;;;;;;;;;;;;
live_tree 27;692;morfo 24;autochorous;48;janeiro;1;3;4.786818182;5.332181818;;;;;;;;;;;;;;;
live_tree 27;693;morfo 4;anemochorous;20;março;1;3;4.625;7.3;;;;;;;;;;;;;;;
live_tree 27;694;Cecropia sp;zoochooric;11;abril;4;3;1.008;1.616;;;;;;;;;;;;;;;
live_tree 27;695;bowdichia (Fabaceae) - Morfo 65;anemochorous;102;maio;4;3;7.93;15.54;;;;;;;;;;;;;;;
live_tree 27;696;asteraceae;anemochorous;5;agosto;3;3;1.01;4.348;;;;;;;;;;;;;;;
live_tree 27;697;asteraceae;anemochorous;5;setembro;1;3;1.01;4.348;;;;;;;;;;;;;;;
live_tree 27;698;Cecropia sp;zoochooric;11;outubro;1;3;1.008;1.616;;;;;;;;;;;;;;;
live_tree 28;699;asteraceae;anemochorous;5;novembro;10;3;1.01;4.348;;;;;;;;;;;;;;;
live_tree 28;700;asteraceae;anemochorous;5;fevereiro;2;3;1.01;4.348;;;;;;;;;;;;;;;
live_tree 28;701;Pera glabrata;zoochooric;8;novembro;1;3;4.299;6.082;;;;;;;;;;;;;;;
live_tree 28;702;Cecropia sp;zoochooric;11;novembro;1;3;1.008;1.616;;;;;;;;;;;;;;;
live_tree 28;703;asteraceae;anemochorous;5;agosto;8;3;1.01;4.348;;;;;;;;;;;;;;;
live_tree 28;704;Cecropia sp;zoochooric;11;janeiro;31;3;1.008;1.616;;;;;;;;;;;;;;;
live_tree 28;705;Cecropia sp;zoochooric;11;junho;1;3;1.008;1.616;;;;;;;;;;;;;;;
live_tree 28;706;morfo 27;zoochooric;51;fevereiro;2;3;2.3;2.815;;;;;;;;;;;;;;;
live_tree 28;707;morfo 35;zoochooric;61;fevereiro;1;3;2.8125;6.4675;;;;;;;;;;;;;;;
live_tree 28;708;morfo 50;zoochooric;80;fevereiro;1;3;8.68;12.53;;;;;;;;;;;;;;;
live_tree 28;709;morfo 48;zoochooric;77;abril;7;3;2.489;3.754;;;;;;;;;;;;;;;
live_tree 28;710;Brysonimia;zoochooric;86;abril;1;3;5.597;4.799;;;;;;;;;;;;;;;
live_tree 28;711;morfo 33;zoochooric;59;junho;1;3;1.884;1.989;;;;;;;;;;;;;;;
live_tree 28;712;morfo 56;zoochooric;88;julho;4;3;2.771666667;2.903333333;;;;;;;;;;;;;;;
live_tree 28;713;asteraceae;anemochorous;5;setembro;15;3;1.01;4.348;;;;;;;;;;;;;;;
live_tree 28;714;morfo 79;zoochooric;120;setembro;1;3;7.47;6.5;;;;;;;;;;;;;;;
live_tree 28;715;Poaceae;anemochorous;14;outubro;1;3;2.15;3.449;;;;;;;;;;;;;;;
live_tree 28;716;Cecropia sp;zoochooric;11;outubro;1;3;1.008;1.616;;;;;;;;;;;;;;;
live_tree 29;717;Lithraea molleoides;zoochooric;3;novembro;1;3;4.78;4.8;;;;;;;;;;;;;;;
live_tree 29;718;Mysinaceae (Rapanea sp);zoochooric;4;novembro;3;3;2.85875;3.24875;;;;;;;;;;;;;;;
live_tree 29;719;Annona (Guatteria);zoochooric;36;dezembro;1;3;4.592;8.48;;;;;;;;;;;;;;;
live_tree 29;720;Annona (Guatteria);zoochooric;36;janeiro;1;3;4.592;8.48;;;;;;;;;;;;;;;
live_tree 29;721;asteraceae;anemochorous;5;dezembro;2;3;1.01;4.348;;;;;;;;;;;;;;;
live_tree 29;722;Poaceae;anemochorous;14;dezembro;1;3;2.15;3.449;;;;;;;;;;;;;;;
live_tree 29;723;Ormosia arborea (fabaceae);autochorous;71;março;1;3;4.01;5.37;;;;;;;;;;;;;;;
live_tree 29;724;morfo 38;zoochooric;64;fevereiro;1;3;1.5425;2.3125;;;;;;;;;;;;;;;
live_tree 29;725;bowdichia (Fabaceae) - Morfo 65;anemochorous;102;abril;5;3;7.93;15.54;;;;;;;;;;;;;;;
live_tree 29;726;morfo 69;zoochooric;108;junho;1;3;4.71;9.08;;;;;;;;;;;;;;;
live_tree 30;727;asteraceae;anemochorous;5;novembro;31;3;1.01;4.348;;;;;;;;;;;;;;;
live_tree 30;728;asteraceae;anemochorous;5;dezembro;218;3;1.01;4.348;;;;;;;;;;;;;;;
live_tree 30;729;asteraceae;anemochorous;5;fevereiro;2;3;1.01;4.348;;;;;;;;;;;;;;;
live_tree 30;730;Cyperaceae;anemochorous;52;dezembro;2;3;2.334444444;2.49;;;;;;;;;;;;;;;
live_tree 30;731;morfo 20;zoochooric;43;dezembro;2;3;5.34;9.405;;;;;;;;;;;;;;;
live_tree 30;732;Annona (Guatteria);zoochooric;36;dezembro;1;3;4.592;8.48;;;;;;;;;;;;;;;
live_tree 30;733;morfo 45;anemochorous;75;fevereiro;3;3;3.34;2.97;;;;;;;;;;;;;;;
live_tree 30;734;morfo 61;autochorous;94;março;20;3;3.771;3.82;;;;;;;;;;;;;;;
live_tree 30;735;morfo 61;autochorous;94;abril;1;3;3.771;3.82;;;;;;;;;;;;;;;
live_tree 30;736;morfo 5;zoochooric;95;março;1;3;5.934;7.99;;;;;;;;;;;;;;;
live_tree 30;737;Tabebuia insignis (bignoniaceae;anemochorous;101;abril;1;3;10.43125;17.16444444;;;;;;;;;;;;;;;
live_tree 30;738;Tabebuia insignis (bignoniaceae;anemochorous;101;maio;1;3;10.43125;17.16444444;;;;;;;;;;;;;;;
live_tree 30;739;apocynaceae morfo 25;anemochorous;49;agosto;18;3;21.98;24.35666667;;;;;;;;;;;;;;;
live_tree 30;740;asteraceae;anemochorous;5;agosto;2;3;1.01;4.348;;;;;;;;;;;;;;;
live_tree 30;741;asteraceae;anemochorous;5;setembro;2;3;1.01;4.348;;;;;;;;;;;;;;;
live_tree 30;742;Smilax sp;zoochooric;74;outubro;2;3;6.192;6.494;;;;;;;;;;;;;;;
live_tree 30;743;morfo 24;autochorous;48;outubro;1;3;4.786818182;5.332181818;;;;;;;;;;;;;;;
snag 01;744;Cecropia sp;zoochooric;11;novembro;1;1;1.008;1.616;;;;;;;;;;;;;;;
snag 01;745;Cecropia sp;zoochooric;11;dezembro;1;1;1.008;1.616;;;;;;;;;;;;;;;
snag 01;746;Cecropia sp;zoochooric;11;janeiro;100;1;1.008;1.616;;;;;;;;;;;;;;;
snag 01;747;Cecropia sp;zoochooric;11;fevereiro;2;1;1.008;1.616;;;;;;;;;;;;;;;
snag 01;748;Cecropia sp;zoochooric;11;março;5;1;1.008;1.616;;;;;;;;;;;;;;;
snag 01;749;Pera glabrata;zoochooric;8;dezembro;1;1;4.299;6.082;;;;;;;;;;;;;;;
snag 01;750;morfo 22;zoochooric;46;dezembro;2;1;3.22;6.77;;;;;;;;;;;;;;;
snag 01;751;Schinus terebinthifoliu Morfo 42;zoochooric;49;janeiro;2;1;3.696;3.161;;;;;;;;;;;;;;;
snag 01;752;Terminalia sp (combretaceae);anemochorous;83;março;1;1;2.886;4.967;;;;;;;;;;;;;;;
snag 01;753;Terminalia sp (combretaceae);anemochorous;83;abril;5;1;2.886;4.967;;;;;;;;;;;;;;;
snag 01;754;Terminalia sp (combretaceae);anemochorous;83;maio;3;1;2.886;4.967;;;;;;;;;;;;;;;
snag 01;755;morfo 60;zoochooric;93;junho;2;1;4.558;12.234;;;;;;;;;;;;;;;
snag 01;756;morfo 78;zoochooric;107;junho;1;1;3.415;4.778333333;;;;;;;;;;;;;;;
snag 01;757;morfo 3;zoochooric;17;setembro;4;1;1.908;2.945;;;;;;;;;;;;;;;
snag 01;758;Cecropia sp;zoochooric;11;outubro;1;1;1.008;1.616;;;;;;;;;;;;;;;
snag 02;759;asteraceae;anemochorous;5;dezembro;7;1;1.01;4.348;;;;;;;;;;;;;;;
snag 02;760;Cecropia sp;zoochooric;11;dezembro;22;1;1.008;1.616;;;;;;;;;;;;;;;
snag 02;761;Cecropia sp;zoochooric;11;março;2;1;1.008;1.616;;;;;;;;;;;;;;;
snag 02;762;Cecropia sp;zoochooric;11;abril;19;1;1.008;1.616;;;;;;;;;;;;;;;
snag 02;763;Pera glabrata;zoochooric;8;dezembro;1;1;4.299;6.082;;;;;;;;;;;;;;;
snag 02;764;Nectandra sp (Lauraceae);zoochooric;79;fevereiro;1;1;9.89;9.89;;;;;;;;;;;;;;;
snag 02;765;morfo 55;zoochooric;87;maio;1;1;2.071;2.349;;;;;;;;;;;;;;;
snag 02;766;morfo 55;zoochooric;87;junho;1;1;2.071;2.349;;;;;;;;;;;;;;;
snag 02;767;Schinus terebinthifoliu Morfo 42;zoochooric;49;junho;1;1;3.696;3.161;;;;;;;;;;;;;;;
snag 03;768;Cecropia sp;zoochooric;11;novembro;8;1;1.008;1.616;;;;;;;;;;;;;;;
snag 03;769;Cecropia sp;zoochooric;11;dezembro;3;1;1.008;1.616;;;;;;;;;;;;;;;
snag 03;770;Cecropia sp;zoochooric;11;janeiro;18;1;1.008;1.616;;;;;;;;;;;;;;;
snag 03;771;Cecropia sp;zoochooric;11;fevereiro;2;1;1.008;1.616;;;;;;;;;;;;;;;
snag 03;772;morfo 9;anemochorous;26;novembro;2;1;3.39;4.165;;;;;;;;;;;;;;;
snag 03;773;asteraceae;anemochorous;5;janeiro;1;1;1.01;4.348;;;;;;;;;;;;;;;
snag 03;774;asteraceae;anemochorous;5;novembro;3;1;1.01;4.348;;;;;;;;;;;;;;;
snag 03;775;morfo 41;autochorous;67;janeiro;1;1;4.19;6.22;;;;;;;;;;;;;;;
snag 03;776;Terminalia sp (combretaceae);anemochorous;83;abril;9;1;2.886;4.967;;;;;;;;;;;;;;;
snag 03;777;morfo 1;zoochooric;13;junho;1;1;4.360909091;7.9;;;;;;;;;;;;;;;
snag 03;778;Cecropia sp;zoochooric;11;outubro;14;1;1.008;1.616;;;;;;;;;;;;;;;
snag 04;779;Cecropia sp;zoochooric;11;dezembro;2;1;1.008;1.616;;;;;;;;;;;;;;;
snag 04;780;Cecropia sp;zoochooric;11;janeiro;700;1;1.008;1.616;;;;;;;;;;;;;;;
snag 05;781;Cecropia sp;zoochooric;11;fevereiro;1;1;1.008;1.616;;;;;;;;;;;;;;;
snag 05;782;morfo 48;zoochooric;77;abril;1;1;2.489;3.754;;;;;;;;;;;;;;;
snag 05;783;morfo 3;zoochooric;17;abril;1;1;1.908;2.945;;;;;;;;;;;;;;;
snag 05;784;morfo 67;zoochooric;106;junho;1;1;4;4.65;;;;;;;;;;;;;;;
snag 05;785;Schinus terebinthifoliu Morfo 42;zoochooric;49;junho;2;1;3.696;3.161;;;;;;;;;;;;;;;
snag 05;786;morfo 55;zoochooric;87;junho;1;1;2.071;2.349;;;;;;;;;;;;;;;
snag 05;787;asteraceae;anemochorous;5;junho;1;1;1.01;4.348;;;;;;;;;;;;;;;
snag 05;788;apocynaceae;anemochorous;21;julho;1;1;1.66;11.21;;;;;;;;;;;;;;;
snag 05;789;morfo 3;zoochooric;17;setembro;1;1;1.908;2.945;;;;;;;;;;;;;;;
snag 05;790;apocynaceae;anemochorous;21;outubro;1;1;1.66;11.21;;;;;;;;;;;;;;;
snag 06;791;Cecropia sp;zoochooric;11;dezembro;18;1;1.008;1.616;;;;;;;;;;;;;;;
snag 06;792;Cecropia sp;zoochooric;11;abril;6;1;1.008;1.616;;;;;;;;;;;;;;;
snag 06;793;morfo 4;anemochorous;20;fevereiro;1;1;4.625;7.3;;;;;;;;;;;;;;;
snag 06;794;Pera glabrata;zoochooric;8;março;2;1;4.299;6.082;;;;;;;;;;;;;;;
snag 06;795;Lantana camara (morfo 13);zoochooric;32;março;2;1;2.752;3.936;;;;;;;;;;;;;;;
snag 06;796;morfo 36;zoochooric;62;março;1;1;2.486;5.815;;;;;;;;;;;;;;;
snag 06;797;Smilax sp;zoochooric;74;outubro;3;1;6.192;6.494;;;;;;;;;;;;;;;
snag 07;798;Cecropia sp;zoochooric;11;novembro;1;1;1.008;1.616;;;;;;;;;;;;;;;
snag 07;799;Cecropia sp;zoochooric;11;abril;5;1;1.008;1.616;;;;;;;;;;;;;;;
snag 07;800;morfo 22;zoochooric;46;junho;1;1;3.22;6.77;;;;;;;;;;;;;;;
snag 07;801;morfo 33;zoochooric;59;agosto;1;1;1.884;1.989;;;;;;;;;;;;;;;
snag 07;802;morfo 48;zoochooric;48;agosto;1;1;2.489;3.754;;;;;;;;;;;;;;;
snag 08;803;morfo 4;anemochorous;20;novembro;2;1;4.625;7.3;;;;;;;;;;;;;;;
snag 08;804;asteraceae;anemochorous;5;novembro;12;1;1.01;4.348;;;;;;;;;;;;;;;
snag 08;805;asteraceae;anemochorous;5;maio;5;1;1.01;4.348;;;;;;;;;;;;;;;
snag 08;806;Pera glabrata;zoochooric;8;novembro;3;1;4.299;6.082;;;;;;;;;;;;;;;
snag 08;807;Cecropia sp;zoochooric;11;dezembro;133;1;1.008;1.616;;;;;;;;;;;;;;;
snag 08;808;Cecropia sp;zoochooric;11;janeiro;10;1;1.008;1.616;;;;;;;;;;;;;;;
snag 08;809;Cecropia sp;zoochooric;11;março;4;1;1.008;1.616;;;;;;;;;;;;;;;
snag 08;810;morfo 32;zoochooric;58;janeiro;1;1;8.39;7.73;;;;;;;;;;;;;;;
snag 08;811;morfo 24;autochorous;48;fevereiro;1;1;4.786818182;5.332181818;;;;;;;;;;;;;;;
snag 08;812;apocynaceae morfo 25;autochorous;48;abril;1;1;21.98;24.35666667;;;;;;;;;;;;;;;
snag 08;813;Araliaceae (Schefflera);zoochooric;35;fevereiro;1;1;3.458;4.769;;;;;;;;;;;;;;;
snag 08;814;morfo 49;anemochorous;78;maio;1;1;2.5025;3.365;;;;;;;;;;;;;;;
snag 08;815;morfo 3;zoochooric;17;setembro;2;1;1.908;2.945;;;;;;;;;;;;;;;
snag 08;816;Handroanthus (bignoniaceae);anemochorous;53;outubro;1;1;7.9;27.258;;;;;;;;;;;;;;;
snag 09;817;Tabebuia insignis (bignoniaceae;anemochorous;19;novembro;1;1;10.43125;17.16444444;;;;;;;;;;;;;;;
snag 09;818;Pera glabrata;zoochooric;8;novembro;1;1;4.299;6.082;;;;;;;;;;;;;;;
snag 09;819;asteraceae;anemochorous;5;novembro;1;1;1.01;4.348;;;;;;;;;;;;;;;
snag 09;820;Cecropia sp;zoochooric;8;janeiro;50;1;1.008;1.616;;;;;;;;;;;;;;;
snag 09;821;morfo 24;autochorous;48;março;1;1;4.786818182;5.332181818;;;;;;;;;;;;;;;
snag 09;822;Handroanthus (bignoniaceae);anemochorous;53;outubro;4;1;7.9;27.258;;;;;;;;;;;;;;;
snag 10;823;Pera glabrata;zoochooric;8;novembro;2;1;4.299;6.082;;;;;;;;;;;;;;;
snag 10;824;Cecropia sp;zoochooric;11;dezembro;6;1;1.008;1.616;;;;;;;;;;;;;;;
snag 10;825;Cecropia sp;zoochooric;11;março;2;1;1.008;1.616;;;;;;;;;;;;;;;
snag 10;826;Cecropia sp;zoochooric;11;junho;30;1;1.008;1.616;;;;;;;;;;;;;;;
snag 10;827;Cecropia sp;zoochooric;11;janeiro;842;1;1.008;1.616;;;;;;;;;;;;;;;
snag 10;828;Araliaceae (Schefflera);zoochooric;35;janeiro;1;1;3.458;4.769;;;;;;;;;;;;;;;
snag 10;829;morfo 49;anemochorous;78;maio;2;1;2.5025;3.365;;;;;;;;;;;;;;;
snag 10;830;asteraceae;anemochorous;5;maio;1;1;1.01;4.348;;;;;;;;;;;;;;;
snag 10;831;morfo 55;zoochooric;87;junho;2;1;2.071;2.349;;;;;;;;;;;;;;;
snag 10;832;Schinus terebinthifoliu Morfo 42;zoochooric;49;junho;15;1;3.696;3.161;;;;;;;;;;;;;;;
snag 11;833;morfo 3;zoochooric;17;novembro;8;2;1.908;2.945;;;;;;;;;;;;;;;
snag 11;834;morfo 3;zoochooric;17;abril;1;2;1.908;2.945;;;;;;;;;;;;;;;
snag 11;835;asteraceae;anemochorous;5;novembro;1;2;1.01;4.348;;;;;;;;;;;;;;;
snag 11;836;Cecropia sp;zoochooric;11;novembro;40;2;1.008;1.616;;;;;;;;;;;;;;;
snag 11;837;Cecropia sp;zoochooric;11;dezembro;268;2;1.008;1.616;;;;;;;;;;;;;;;
snag 11;838;Cecropia sp;zoochooric;11;janeiro;206;2;1.008;1.616;;;;;;;;;;;;;;;
snag 11;839;Cecropia sp;zoochooric;11;fevereiro;26;2;1.008;1.616;;;;;;;;;;;;;;;
snag 11;840;Cecropia sp;zoochooric;11;abril;2;2;1.008;1.616;;;;;;;;;;;;;;;
snag 11;841;Cecropia sp;zoochooric;11;junho;36;2;1.008;1.616;;;;;;;;;;;;;;;
snag 11;842;morfo 8;anemochorous;25;março;8;2;2.407;3.809;;;;;;;;;;;;;;;
snag 11;843;morfo 8;anemochorous;25;abril;3;2;2.407;3.809;;;;;;;;;;;;;;;
snag 11;844;Terminalia sp (combretaceae);anemochorous;83;março;1;2;2.886;4.967;;;;;;;;;;;;;;;
snag 11;845;morfo 55;zoochooric;87;maio;3;2;2.071;2.349;;;;;;;;;;;;;;;
snag 11;846;morfo 55;zoochooric;87;junho;2;2;2.071;2.349;;;;;;;;;;;;;;;
snag 11;847;Schinus terebinthifoliu Morfo 42;zoochooric;49;junho;15;2;3.696;3.161;;;;;;;;;;;;;;;
snag 11;848;morfo 36;zoochooric;62;julho;3;2;2.486;5.815;;;;;;;;;;;;;;;
snag 11;849;asteraceae;anemochorous;5;julho;1;2;1.01;4.348;;;;;;;;;;;;;;;
snag 11;850;morfo 5;zoochooric;22;agosto;1;2;5.934;7.99;;;;;;;;;;;;;;;
snag 11;851;morfo 3;zoochooric;17;setembro;17;2;1.908;2.945;;;;;;;;;;;;;;;
snag 11;852;morfo 3;zoochooric;17;outubro;2;2;1.908;2.945;;;;;;;;;;;;;;;
snag 11;853;Poaceae;anemochorous;14;outubro;1;2;2.15;3.449;;;;;;;;;;;;;;;
snag 12;854;Cecropia sp;zoochooric;11;novembro;121;2;1.008;1.616;;;;;;;;;;;;;;;
snag 12;855;Cecropia sp;zoochooric;11;dezembro;35;2;1.008;1.616;;;;;;;;;;;;;;;
snag 12;856;Cecropia sp;zoochooric;11;janeiro;62;2;1.008;1.616;;;;;;;;;;;;;;;
snag 12;857;Cecropia sp;zoochooric;11;março;1;2;1.008;1.616;;;;;;;;;;;;;;;
snag 12;858;Cecropia sp;zoochooric;11;junho;6;2;1.008;1.616;;;;;;;;;;;;;;;
snag 12;859;Poaceae;anemochorous;14;novembro;3;2;2.15;3.449;;;;;;;;;;;;;;;
snag 12;860;morfo 3;zoochooric;17;novembro;1;2;1.908;2.945;;;;;;;;;;;;;;;
snag 12;861;morfo 3;zoochooric;17;janeiro;3;2;1.908;2.945;;;;;;;;;;;;;;;
snag 12;862;morfo 3;zoochooric;17;junho;3;2;1.908;2.945;;;;;;;;;;;;;;;
snag 12;863;copaífera sp. morfo 2;zoochooric;15;novembro;1;2;11.2575;14.27;;;;;;;;;;;;;;;
snag 12;864;morfo 4;anemochorous;20;fevereiro;1;2;4.625;7.3;;;;;;;;;;;;;;;
snag 12;865;Araliaceae (Schefflera);zoochooric;35;fevereiro;1;2;3.458;4.769;;;;;;;;;;;;;;;
snag 12;866;Lantana camara (morfo 13);zoochooric;16;fevereiro;1;2;2.752;3.936;;;;;;;;;;;;;;;
snag 12;867;morfo 8;anemochorous;25;abril;2;2;2.407;3.809;;;;;;;;;;;;;;;
snag 12;868;morfo 55;zoochooric;87;maio;2;2;2.071;2.349;;;;;;;;;;;;;;;
snag 12;869;morfo 55;zoochooric;87;junho;2;2;2.071;2.349;;;;;;;;;;;;;;;
snag 12;870;Schinus terebinthifoliu Morfo 42;zoochooric;49;junho;2;2;3.696;3.161;;;;;;;;;;;;;;;
snag 12;871;Schinus terebinthifoliu Morfo 42;zoochooric;49;julho;1;2;3.696;3.161;;;;;;;;;;;;;;;
snag 12;872;asteraceae;anemochorous;5;agosto;4;2;1.01;4.348;;;;;;;;;;;;;;;
snag 12;873;asteraceae;anemochorous;5;setembro;12;3;1.01;4.348;;;;;;;;;;;;;;;
snag 12;874;Poaceae;anemochorous;14;setembro;1;3;2.15;3.449;;;;;;;;;;;;;;;
snag 12;875;Lantana camara (morfo 13);zoochooric;16;outubro;3;3;2.752;3.936;;;;;;;;;;;;;;;
snag 12;876;Cecropia sp;zoochooric;11;outubro;4;3;1.008;1.616;;;;;;;;;;;;;;;
snag 12;877;Poaceae;anemochorous;14;outubro;6;3;2.15;3.449;;;;;;;;;;;;;;;
snag 12;878;asteraceae;anemochorous;5;outubro;1;3;1.01;4.348;;;;;;;;;;;;;;;
snag 13;879;Lantana camara (morfo 13);zoochooric;16;novembro;1;2;2.752;3.936;;;;;;;;;;;;;;;
snag 13;880;morfo 26;anemochorous;50;dezembro;2;2;7.912;21.8;;;;;;;;;;;;;;;
snag 13;881;Cecropia sp;zoochooric;11;janeiro;1119;2;1.008;1.616;;;;;;;;;;;;;;;
snag 13;882;Cecropia sp;zoochooric;11;março;1;2;1.008;1.616;;;;;;;;;;;;;;;
snag 13;883;Cecropia sp;zoochooric;11;abril;1;2;1.008;1.616;;;;;;;;;;;;;;;
snag 13;884;morfo 8;anemochorous;25;fevereiro;18;2;2.407;3.809;;;;;;;;;;;;;;;
snag 13;885;Xylopia sp. morfo 40;zoochooric;66;março;1;2;5.60875;7.915;;;;;;;;;;;;;;;
snag 13;886;asteraceae;anemochorous;5;maio;1;2;1.01;4.348;;;;;;;;;;;;;;;
snag 13;887;morfo 55;zoochooric;87;junho;11;2;2.071;2.349;;;;;;;;;;;;;;;
snag 13;888;Schinus terebinthifoliu Morfo 42;zoochooric;49;junho;9;2;3.696;3.161;;;;;;;;;;;;;;;
snag 13;889;Cecropia sp;zoochooric;11;julho;7;2;1.008;1.616;;;;;;;;;;;;;;;
snag 13;890;Cecropia sp;zoochooric;11;outubro;489;2;1.008;1.616;;;;;;;;;;;;;;;
snag 13;891;morfo 26;anemochorous;50;outubro;2;2;7.912;21.8;;;;;;;;;;;;;;;
snag 13;892;asteraceae;anemochorous;5;outubro;1;2;1.01;4.348;;;;;;;;;;;;;;;
snag 14;893;Cecropia sp;zoochooric;11;novembro;6;2;1.008;1.616;;;;;;;;;;;;;;;
snag 14;894;Cecropia sp;zoochooric;11;dezembro;26;2;1.008;1.616;;;;;;;;;;;;;;;
snag 14;895;Cecropia sp;zoochooric;11;janeiro;306;2;1.008;1.616;;;;;;;;;;;;;;;
snag 14;896;Cecropia sp;zoochooric;11;fevereiro;204;2;1.008;1.616;;;;;;;;;;;;;;;
snag 14;897;asteraceae;anemochorous;5;novembro;2;2;1.01;4.348;;;;;;;;;;;;;;;
snag 14;898;morfo 3;zoochooric;17;novembro;6;2;1.908;2.945;;;;;;;;;;;;;;;
snag 14;899;morfo 3;zoochooric;17;junho;1;2;1.908;2.945;;;;;;;;;;;;;;;
snag 14;900;apocynaceae;anemochorous;21;dezembro;1;2;1.66;11.21;;;;;;;;;;;;;;;
snag 14;901;Araliaceae (Schefflera);zoochooric;35;janeiro;2;2;3.458;4.769;;;;;;;;;;;;;;;
snag 14;902;Araliaceae (Schefflera);zoochooric;35;março;3;2;3.458;4.769;;;;;;;;;;;;;;;
snag 14;903;morfo 8;anemochorous;25;março;6;2;2.407;3.809;;;;;;;;;;;;;;;
snag 14;904;morfo 8;anemochorous;25;abril;6;2;2.407;3.809;;;;;;;;;;;;;;;
snag 14;905;morfo 8;anemochorous;25;maio;2;2;2.407;3.809;;;;;;;;;;;;;;;
snag 14;906;morfo 55;zoochooric;87;maio;5;2;2.071;2.349;;;;;;;;;;;;;;;
snag 14;907;morfo 55;zoochooric;87;junho;16;2;2.071;2.349;;;;;;;;;;;;;;;
snag 14;908;Euterpe edulis;zoochooric;110;junho;1;2;11.205;10.115;;;;;;;;;;;;;;;
snag 14;909;Schinus terebinthifoliu Morfo 42;zoochooric;49;junho;7;2;3.696;3.161;;;;;;;;;;;;;;;
snag 14;910;morfo 8;anemochorous;25;julho;2;2;2.407;3.809;;;;;;;;;;;;;;;
snag 14;911;Morfo 3;zoochooric;17;julho;3;2;1.908;2.945;;;;;;;;;;;;;;;
snag 14;912;Schinus terebinthifoliu Morfo 42;zoochooric;49;julho;1;2;3.696;3.161;;;;;;;;;;;;;;;
snag 14;913;morfo 55;zoochooric;87;julho;1;2;2.071;2.349;;;;;;;;;;;;;;;
snag 14;914;Paulinia sp.;zoochooric;115;junho;1;2;5.84;7.164285714;;;;;;;;;;;;;;;
snag 14;915;morfo 5;zoochooric;22;agosto;1;2;5.934;7.99;;;;;;;;;;;;;;;
snag 14;916;morfo 3;zoochooric;17;agosto;2;2;1.908;2.945;;;;;;;;;;;;;;;
snag 14;917;morfo 3;zoochooric;17;setembro;10;2;1.908;2.945;;;;;;;;;;;;;;;
snag 14;918;morfo 3;zoochooric;17;outubro;2;2;1.908;2.945;;;;;;;;;;;;;;;
snag 14;919;Cecropia sp;zoochooric;11;outubro;23;2;1.008;1.616;;;;;;;;;;;;;;;
snag 14;920;Lantana camara (morfo 13);zoochooric;16;outubro;2;2;2.752;3.936;;;;;;;;;;;;;;;
snag 15;921;apocynaceae;anemochorous;21;novembro;1;2;1.66;11.21;;;;;;;;;;;;;;;
snag 15;922;Cecropia sp;zoochooric;11;janeiro;60;2;1.008;1.616;;;;;;;;;;;;;;;
snag 15;923;Cecropia sp;zoochooric;11;março;1;2;1.008;1.616;;;;;;;;;;;;;;;
snag 15;924;morfo 36;zoochooric;62;março;1;2;2.486;5.815;;;;;;;;;;;;;;;
snag 15;925;morfo 3;zoochooric;17;março;1;2;1.908;2.945;;;;;;;;;;;;;;;
snag 15;926;Schinus terebinthifoliu Morfo 42;zoochooric;49;junho;9;2;3.696;3.161;;;;;;;;;;;;;;;
snag 15;927;morfo 72;zoochooric;112;junho;1;2;4.776666667;4.773333333;;;;;;;;;;;;;;;
snag 15;928;apocynaceae;anemochorous;21;julho;1;2;1.66;11.21;;;;;;;;;;;;;;;
snag 15;929;morfo 72;zoochooric;112;julho;1;2;4.776666667;4.773333333;;;;;;;;;;;;;;;
snag 15;930;morfo 8;anemochorous;25;agosto;3;2;2.407;3.809;;;;;;;;;;;;;;;
snag 15;931;morfo 31;zoochooric;57;agosto;11;2;1.296;3.948;;;;;;;;;;;;;;;
snag 15;932;asteraceae;anemochorous;5;setembro;13;2;1.01;4.348;;;;;;;;;;;;;;;
snag 16;933;Cecropia sp;zoochooric;11;dezembro;1;2;1.008;1.616;;;;;;;;;;;;;;;
snag 16;934;Cecropia sp;zoochooric;11;janeiro;9;2;1.008;1.616;;;;;;;;;;;;;;;
snag 16;935;Cecropia sp;zoochooric;11;abril;4;2;1.008;1.616;;;;;;;;;;;;;;;
snag 16;936;asteraceae;anemochorous;5;abril;1;2;1.01;4.348;;;;;;;;;;;;;;;
snag 16;937;morfo 55;zoochooric;87;maio;3;2;2.071;2.349;;;;;;;;;;;;;;;
snag 16;938;morfo 55;zoochooric;87;junho;3;1;2.071;2.349;;;;;;;;;;;;;;;
snag 16;939;Schinus terebinthifoliu Morfo 42;zoochooric;49;junho;6;1;3.696;3.161;;;;;;;;;;;;;;;
snag 16;940;Lantana camara (morfo 13);zoochooric;16;junho;1;2;2.752;3.936;;;;;;;;;;;;;;;
snag 16;941;morfo 3;zoochooric;17;junho;1;2;1.908;2.945;;;;;;;;;;;;;;;
snag 16;942;morfo 72;zoochooric;112;junho;1;2;4.776666667;4.773333333;;;;;;;;;;;;;;;
snag 16;943;asteraceae;anemochorous;5;julho;11;2;1.01;4.348;;;;;;;;;;;;;;;
snag 16;944;morfo 74;zoochooric;114;julho;1;2;5.685;5.225;;;;;;;;;;;;;;;
snag 16;945;morfo 74;zoochooric;114;agosto;1;2;5.685;5.225;;;;;;;;;;;;;;;
snag 16;946;morfo 8;anemochorous;25;outubro;2;2;2.407;3.809;;;;;;;;;;;;;;;
snag 17;947;morfo 5;zoochooric;22;novembro;1;2;5.934;7.99;;;;;;;;;;;;;;;
snag 17;948;asteraceae;anemochorous;5;novembro;1;2;1.01;4.348;;;;;;;;;;;;;;;
snag 17;949;asteraceae;anemochorous;5;dezembro;1;2;1.01;4.348;;;;;;;;;;;;;;;
snag 17;950;asteraceae;anemochorous;5;abril;1;2;1.01;4.348;;;;;;;;;;;;;;;
snag 17;951;apocynaceae;anemochorous;21;novembro;1;2;1.66;11.21;;;;;;;;;;;;;;;
snag 17;952;morfo 6;zoochooric;23;novembro;1;2;6.94;13.47;;;;;;;;;;;;;;;
snag 17;953;Cecropia sp;zoochooric;11;novembro;1;2;1.008;1.616;;;;;;;;;;;;;;;
snag 17;954;Cecropia sp;zoochooric;11;janeiro;2;2;1.008;1.616;;;;;;;;;;;;;;;
snag 17;955;Xylopia sp. morfo 40;zoochooric;66;fevereiro;2;2;5.60875;7.915;;;;;;;;;;;;;;;
snag 17;956;morfo 55;zoochooric;87;abril;17;2;2.071;2.349;;;;;;;;;;;;;;;
snag 17;957;morfo 55;zoochooric;87;maio;3;2;2.071;2.349;;;;;;;;;;;;;;;
snag 17;958;morfo 55;zoochooric;87;junho;5;2;2.071;2.349;;;;;;;;;;;;;;;
snag 17;959;bignoniaceae maior;anemochorous;98;maio;3;2;8.76;14.25;;;;;;;;;;;;;;;
snag 17;960;morfo 4;anemochorous;20;maio;1;2;4.625;7.3;;;;;;;;;;;;;;;
snag 17;961;Schinus terebinthifoliu Morfo 42;zoochooric;49;junho;3;2;3.696;3.161;;;;;;;;;;;;;;;
snag 17;962;Schinus terebinthifoliu Morfo 42;zoochooric;49;julho;1;2;3.696;3.161;;;;;;;;;;;;;;;
snag 17;963;morfo 5;zoochooric;22;agosto;1;2;5.934;7.99;;;;;;;;;;;;;;;
snag 17;964;asteraceae;anemochorous;5;agosto;1;2;1.01;4.348;;;;;;;;;;;;;;;
snag 17;965;morfo 3;zoochooric;17;setembro;1;2;1.908;2.945;;;;;;;;;;;;;;;
snag 18;966;asteraceae;anemochorous;5;novembro;1;2;1.01;4.348;;;;;;;;;;;;;;;
snag 18;967;Cecropia sp;zoochooric;11;novembro;41;2;1.008;1.616;;;;;;;;;;;;;;;
snag 18;968;Cecropia sp;zoochooric;11;fevereiro;3;2;1.008;1.616;;;;;;;;;;;;;;;
snag 18;969;Cecropia sp;zoochooric;11;março;2;2;1.008;1.616;;;;;;;;;;;;;;;
snag 18;970;Cecropia sp;zoochooric;11;junho;3;2;1.008;1.616;;;;;;;;;;;;;;;
snag 18;971;Lantana camara (morfo 13);zoochooric;32;fevereiro;2;2;2.752;3.936;;;;;;;;;;;;;;;
snag 18;972;morfo 3;zoochooric;17;fevereiro;1;2;1.908;2.945;;;;;;;;;;;;;;;
snag 18;973;morfo 3;zoochooric;17;junho;17;2;1.908;2.945;;;;;;;;;;;;;;;
snag 18;974;Handroanthus (bignoniaceae);anemochorous;53;março;5;2;7.9;27.258;;;;;;;;;;;;;;;
snag 18;975;asteraceae;anemochorous;5;março;1;2;1.01;4.348;;;;;;;;;;;;;;;
snag 18;976;morfo 55;zoochooric;87;março;1;2;2.071;2.349;;;;;;;;;;;;;;;
snag 18;977;morfo 55;zoochooric;87;maio;14;2;2.071;2.349;;;;;;;;;;;;;;;
snag 18;978;morfo 55;zoochooric;87;junho;1;2;2.071;2.349;;;;;;;;;;;;;;;
snag 18;979;morfo 35;zoochooric;61;maio;1;2;2.8125;6.4675;;;;;;;;;;;;;;;
snag 18;980;Schinus terebinthifoliu Morfo 42;zoochooric;49;maio;2;2;3.696;3.161;;;;;;;;;;;;;;;
snag 18;981;Schinus terebinthifoliu Morfo 42;zoochooric;49;junho;1;2;3.696;3.161;;;;;;;;;;;;;;;
snag 18;982;Cecropia sp;zoochooric;11;setembro;57;2;1.008;1.616;;;;;;;;;;;;;;;
snag 19;983;Cecropia sp;zoochooric;11;novembro;42;2;1.008;1.616;;;;;;;;;;;;;;;
snag 19;984;Cecropia sp;zoochooric;11;janeiro;29;2;1.008;1.616;;;;;;;;;;;;;;;
snag 19;985;Lantana camara (morfo 13);zoochooric;32;março;25;2;2.752;3.936;;;;;;;;;;;;;;;
snag 19;986;Brysonimia;zoochooric;86;março;1;2;5.597;4.799;;;;;;;;;;;;;;;
snag 19;987;asteraceae;anemochorous;5;março;1;2;1.01;4.348;;;;;;;;;;;;;;;
snag 19;988;Schinus terebinthifoliu Morfo 42;zoochooric;49;julho;3;2;3.696;3.161;;;;;;;;;;;;;;;
snag 19;989;Lantana camara (morfo 13);zoochooric;32;setembro;1;2;2.752;3.936;;;;;;;;;;;;;;;
snag 20;990;Poaceae;anemochorous;14;novembro;9;2;2.15;3.449;;;;;;;;;;;;;;;
snag 20;991;asteraceae;anemochorous;5;novembro;1;2;1.01;4.348;;;;;;;;;;;;;;;
snag 20;992;asteraceae;anemochorous;5;janeiro;8;2;1.01;4.348;;;;;;;;;;;;;;;
snag 20;993;asteraceae;anemochorous;5;fevereiro;1;2;1.01;4.348;;;;;;;;;;;;;;;
snag 20;994;Cecropia sp;zoochooric;11;novembro;56;2;1.008;1.616;;;;;;;;;;;;;;;
snag 20;995;Cecropia sp;zoochooric;11;dezembro;17;2;1.008;1.616;;;;;;;;;;;;;;;
snag 20;996;Cecropia sp;zoochooric;11;janeiro;134;2;1.008;1.616;;;;;;;;;;;;;;;
snag 20;997;Cecropia sp;zoochooric;11;fevereiro;6;2;1.008;1.616;;;;;;;;;;;;;;;
snag 20;998;Cecropia sp;zoochooric;11;março;4;2;1.008;1.616;;;;;;;;;;;;;;;
snag 20;999;Araliaceae (Schefflera);zoochooric;35;janeiro;1;2;3.458;4.769;;;;;;;;;;;;;;;
snag 20;1000;Araliaceae (Schefflera);zoochooric;35;março;3;2;3.458;4.769;;;;;;;;;;;;;;;
snag 20;1001;Xylopia sp. morfo 40;zoochooric;66;março;1;2;5.60875;7.915;;;;;;;;;;;;;;;
snag 20;1002;asteraceae;anemochorous;5;setembro;2;2;1.01;4.348;;;;;;;;;;;;;;;
snag 21;1003;Cecropia sp;zoochooric;11;novembro;22;3;1.008;1.616;;;;;;;;;;;;;;;
snag 21;1004;Handroanthus (bignoniaceae);anemochorous;53;dezembro;2;3;7.9;27.258;;;;;;;;;;;;;;;
snag 21;1005;Handroanthus (bignoniaceae);anemochorous;53;janeiro;26;3;7.9;27.258;;;;;;;;;;;;;;;
snag 21;1006;Araliaceae (Schefflera);zoochooric;35;fevereiro;1;3;3.458;4.769;;;;;;;;;;;;;;;
snag 21;1007;Araliaceae (Schefflera);zoochooric;35;março;1;3;3.458;4.769;;;;;;;;;;;;;;;
snag 21;1008;morfo 24;autochorous;48;março;2;3;4.786818182;5.332181818;;;;;;;;;;;;;;;
snag 21;1009;morfo 24;autochorous;48;junho;1;3;4.786818182;5.332181818;;;;;;;;;;;;;;;
snag 21;1010;Euphorbiaceae 2;autochorous;58;março;2;3;6.883333333;7.656666667;;;;;;;;;;;;;;;
snag 21;1011;bignoniaceae maior;anemochorous;98;março;2;3;8.76;14.25;;;;;;;;;;;;;;;
snag 21;1012;morfo 36;zoochooric;62;março;3;3;2.486;5.815;;;;;;;;;;;;;;;
snag 21;1013;morfo 36;zoochooric;62;maio;2;3;2.486;5.815;;;;;;;;;;;;;;;
snag 21;1014;morfo 36;zoochooric;62;junho;7;3;2.486;5.815;;;;;;;;;;;;;;;
snag 21;1015;morfo 48;zoochooric;77;março;1;3;2.489;3.754;;;;;;;;;;;;;;;
snag 21;1016;asteraceae;anemochorous;5;maio;1;3;1.01;4.348;;;;;;;;;;;;;;;
snag 21;1017;bowdichia (Fabaceae) - Morfo 65;anemochorous;102;maio;1;3;7.93;15.54;;;;;;;;;;;;;;;
snag 21;1018;bowdichia (Fabaceae) - Morfo 65;anemochorous;102;junho;2;3;7.93;15.54;;;;;;;;;;;;;;;
snag 21;1019;Paulinia sp.;zoochooric;115;agosto;5;3;5.84;7.164285714;;;;;;;;;;;;;;;
snag 21;1020;asteraceae;anemochorous;5;agosto;12;3;1.01;4.348;;;;;;;;;;;;;;;
snag 22;1021;apocynaceae morfo 25;anemochorous;49;dezembro;1;3;21.98;24.35666667;;;;;;;;;;;;;;;
snag 22;1022;asteraceae;anemochorous;5;dezembro;1;3;1.01;4.348;;;;;;;;;;;;;;;
snag 22;1023;asteraceae;anemochorous;5;janeiro;1;3;1.01;4.348;;;;;;;;;;;;;;;
snag 22;1024;Handroanthus (bignoniaceae);anemochorous;53;janeiro;31;3;7.9;27.258;;;;;;;;;;;;;;;
snag 22;1025;Handroanthus (bignoniaceae);anemochorous;53;fevereiro;1;3;7.9;27.258;;;;;;;;;;;;;;;
snag 22;1026;Euphorbiaceae morfo;autochorous;30;março;1;3;4.44;5.53;;;;;;;;;;;;;;;
snag 22;1027;morfo 24;autochorous;48;abril;1;3;4.786818182;5.332181818;;;;;;;;;;;;;;;
snag 22;1028;bowdichia (Fabaceae) - Morfo 65;anemochorous;102;junho;1;3;7.93;15.54;;;;;;;;;;;;;;;
snag 22;1029;morfo 23;zoochooric;47;junho;1;3;5.502857143;8.535714286;;;;;;;;;;;;;;;
snag 22;1030;asteraceae;anemochorous;5;agosto;28;3;1.01;4.348;;;;;;;;;;;;;;;
snag 22;1031;morfo 3;zoochooric;17;setembro;1;3;1.908;2.945;;;;;;;;;;;;;;;
snag 22;1032;asteraceae;anemochorous;5;setembro;1;3;1.01;4.348;;;;;;;;;;;;;;;
snag 23;1033;morfo 14;zoochooric;33;novembro;1;3;2.58;3.3;;;;;;;;;;;;;;;
snag 23;1034;Poaceae;anemochorous;14;novembro;1;3;2.15;3.449;;;;;;;;;;;;;;;
snag 23;1035;morfo 3;zoochooric;17;novembro;1;3;1.908;2.945;;;;;;;;;;;;;;;
snag 23;1036;Cecropia sp;zoochooric;11;dezembro;84;3;1.008;1.616;;;;;;;;;;;;;;;
snag 23;1037;Cecropia sp;zoochooric;11;março;1;3;1.008;1.616;;;;;;;;;;;;;;;
snag 23;1038;asteraceae;anemochorous;5;dezembro;3;3;1.01;4.348;;;;;;;;;;;;;;;
snag 23;1039;"Rutaceae (zanthoxylum)
";zoochooric;;dezembro;8;3;2.19;2.475;;;;;;;;;;;;;;;
snag 23;1040;morfo 21;zoochooric;44;dezembro;2;3;4.54;3.66;;;;;;;;;;;;;;;
snag 23;1041;Psychotria carlhagenensis;zoochooric;73;março;2;3;3.401111111;4.758888889;;;;;;;;;;;;;;;
snag 23;1042;Terminalia sp (combretaceae);anemochorous;83;março;1;3;2.886;4.967;;;;;;;;;;;;;;;
snag 23;1043;Brysonimia;zoochooric;86;abril;15;3;5.597;4.799;;;;;;;;;;;;;;;
snag 23;1044;Brysonimia;zoochooric;86;maio;4;3;5.597;4.799;;;;;;;;;;;;;;;
snag 23;1045;morfo 5;zoochooric;22;agosto;3;2;5.934;7.99;;;;;;;;;;;;;;;
snag 23;1046;asteraceae;anemochorous;5;agosto;1;2;1.01;4.348;;;;;;;;;;;;;;;
snag 23;1047;Cecropia sp;zoochooric;11;setembro;38;2;1.008;1.616;;;;;;;;;;;;;;;
snag 23;1048;morfo 77;zoochooric;118;setembro;2;2;3.239;3.639;;;;;;;;;;;;;;;
snag 23;1049;morfo 70;zoochooric;121;setembro;1;2;2.81;3.56;;;;;;;;;;;;;;;
snag 23;1050;morfo 1;zoochooric;13;outubro;5;2;4.360909091;7.9;;;;;;;;;;;;;;;
snag 23;1051;morfo 80;zoochooric;121;setembro;1;2;4.06;6.1125;;;;;;;;;;;;;;;
snag 23;1052;morfo 81;zoochooric;122;outubro;1;2;9.05;10.82;;;;;;;;;;;;;;;
snag 24;1053;asteraceae;anemochorous;5;novembro;4;3;1.01;4.348;;;;;;;;;;;;;;;
snag 24;1054;Lantana camara (morfo 13);zoochooric;32;dezembro;4;3;2.752;3.936;;;;;;;;;;;;;;;
snag 24;1055;asteraceae;anemochorous;5;dezembro;2;3;1.01;4.348;;;;;;;;;;;;;;;
snag 24;1056;Cecropia sp;zoochooric;11;janeiro;1;3;1.008;1.616;;;;;;;;;;;;;;;
snag 24;1057;Araliaceae (Schefflera);zoochooric;35;fevereiro;9;3;3.458;4.769;;;;;;;;;;;;;;;
snag 24;1058;Psychotria carlhagenensis;zoochooric;73;fevereiro;1;3;3.401111111;4.758888889;;;;;;;;;;;;;;;
snag 24;1059;morfo 12;anemochorous;31;agosto;35;3;2.346;3.277;;;;;;;;;;;;;;;
snag 24;1060;morfo 12;anemochorous;31;setembro;113;3;2.346;3.277;;;;;;;;;;;;;;;
snag 24;1061;morfo 12;anemochorous;31;outubro;14;3;2.346;3.277;;;;;;;;;;;;;;;
snag 25;1062;asteraceae;anemochorous;5;novembro;19;3;1.01;4.348;;;;;;;;;;;;;;;
snag 25;1063;asteraceae;anemochorous;5;dezembro;22;3;1.01;4.348;;;;;;;;;;;;;;;
snag 25;1064;asteraceae;anemochorous;5;janeiro;1;3;1.01;4.348;;;;;;;;;;;;;;;
snag 25;1065;morfo 48;zoochooric;77;fevereiro;1;3;2.489;3.754;;;;;;;;;;;;;;;
snag 25;1066;morfo 23;zoochooric;47;março;1;3;5.502857143;8.535714286;;;;;;;;;;;;;;;
snag 25;1067;Brysonimia;zoochooric;86;abril;1;3;5.597;4.799;;;;;;;;;;;;;;;
snag 25;1068;morfo 55;zoochooric;87;abril;4;3;2.071;2.349;;;;;;;;;;;;;;;
snag 25;1069;Cecropia sp;zoochooric;11;abril;10;3;1.008;1.616;;;;;;;;;;;;;;;
snag 25;1070;Poaceae;anemochorous;14;julho;10;3;2.15;3.449;;;;;;;;;;;;;;;
snag 25;1071;Poaceae;anemochorous;14;agosto;25;3;2.15;3.449;;;;;;;;;;;;;;;
snag 25;1072;asteraceae;anemochorous;5;agosto;2;3;1.01;4.348;;;;;;;;;;;;;;;
snag 25;1073;morfo 12;anemochorous;31;setembro;6;3;2.346;3.277;;;;;;;;;;;;;;;
snag 25;1074;asteraceae;anemochorous;5;setembro;1;3;1.01;4.348;;;;;;;;;;;;;;;
snag 25;1075;asteraceae;anemochorous;5;setembro;1;3;1.01;4.348;;;;;;;;;;;;;;;
snag 26;1076;asteraceae;anemochorous;5;novembro;2;3;1.01;4.348;;;;;;;;;;;;;;;
snag 26;1077;asteraceae;anemochorous;5;dezembro;5;3;1.01;4.348;;;;;;;;;;;;;;;
snag 26;1078;Handroanthus (bignoniaceae);anemochorous;53;janeiro;1;3;7.9;27.258;;;;;;;;;;;;;;;
snag 26;1079;Cecropia sp;zoochooric;11;julho;6;3;1.008;1.616;;;;;;;;;;;;;;;
snag 26;1080;morfo 3;zoochooric;17;julho;1;3;1.908;2.945;;;;;;;;;;;;;;;
snag 26;1081;asteraceae;anemochorous;5;agosto;6;3;1.01;4.348;;;;;;;;;;;;;;;
snag 26;1082;Poaceae;anemochorous;14;agosto;5;3;2.15;3.449;;;;;;;;;;;;;;;
snag 26;1083;morfo 3;zoochooric;17;agosto;1;3;1.908;2.945;;;;;;;;;;;;;;;
snag 27;1084;morfo 21;zoochooric;44;dezembro;1;3;4.54;3.66;;;;;;;;;;;;;;;
snag 27;1085;Cecropia sp;zoochooric;11;dezembro;3;3;1.008;1.616;;;;;;;;;;;;;;;
snag 27;1086;Cecropia sp;zoochooric;11;junho;3;3;1.008;1.616;;;;;;;;;;;;;;;
snag 27;1087;morfo 4;anemochorous;20;janeiro;1;3;4.625;7.3;;;;;;;;;;;;;;;
snag 27;1088;morfo 24;autochorous;48;janeiro;2;3;4.786818182;5.332181818;;;;;;;;;;;;;;;
snag 27;1089;morfo 24;autochorous;48;fevereiro;2;3;4.786818182;5.332181818;;;;;;;;;;;;;;;
snag 27;1090;morfo 24;autochorous;48;março;1;3;4.786818182;5.332181818;;;;;;;;;;;;;;;
snag 27;1091;morfo 24;autochorous;48;abril;1;3;4.786818182;5.332181818;;;;;;;;;;;;;;;
snag 27;1092;morfo 66;anemochorous;105;julho;1;3;12.485;19.505;;;;;;;;;;;;;;;
snag 27;1093;asteraceae;anemochorous;5;agosto;1;3;1.01;4.348;;;;;;;;;;;;;;;
snag 27;1094;asteraceae;anemochorous;5;setembro;1;3;1.01;4.348;;;;;;;;;;;;;;;
snag 28;1095;Pera glabrata;zoochooric;8;novembro;3;3;4.299;6.082;;;;;;;;;;;;;;;
snag 28;1096;asteraceae;anemochorous;5;novembro;2;3;1.01;4.348;;;;;;;;;;;;;;;
snag 28;1097;Cecropia sp;zoochooric;11;novembro;12;3;1.008;1.616;;;;;;;;;;;;;;;
snag 28;1098;asteraceae;anemochorous;5;fevereiro;1;3;1.01;4.348;;;;;;;;;;;;;;;
snag 28;1099;morfo 27;zoochooric;51;dezembro;4;3;2.3;2.815;;;;;;;;;;;;;;;
snag 28;1100;morfo 6;zoochooric;23;março;1;3;6.94;13.47;;;;;;;;;;;;;;;
snag 28;1101;morfo 61;autochorous;94;março;1;3;3.771;3.82;;;;;;;;;;;;;;;
snag 28;1102;morfo 64;autochorous;99;março;1;3;3.84;5.04;;;;;;;;;;;;;;;
snag 28;1103;Brysonimia;zoochooric;86;abril;1;3;5.597;4.799;;;;;;;;;;;;;;;
snag 28;1104;Mysinaceae (Rapanea sp);zoochooric;4;setembro;1;3;2.85875;3.24875;;;;;;;;;;;;;;;
snag 28;1105;Poaceae;anemochorous;14;setembro;1;3;2.15;3.449;;;;;;;;;;;;;;;
snag 29;1106;"Rutaceae (zanthoxylum)
";zoochooric;34;novembro;38;3;2.19;2.475;;;;;;;;;;;;;;;
snag 29;1107;Cecropia sp;zoochooric;11;novembro;2;3;1.008;1.616;;;;;;;;;;;;;;;
snag 29;1108;Cecropia sp;zoochooric;11;janeiro;1;3;1.008;1.616;;;;;;;;;;;;;;;
snag 29;1109;Araliaceae (Schefflera);zoochooric;35;novembro;1;3;3.458;4.769;;;;;;;;;;;;;;;
snag 29;1110;Annona (Guatteria);zoochooric;36;novembro;3;3;4.592;8.48;;;;;;;;;;;;;;;
snag 29;1111;fabaceae 01;autochorous;28;novembro;1;3;5.923333333;11.8;;;;;;;;;;;;;;;
snag 29;1112;morfo 5;zoochooric;37;novembro;1;3;5.934;7.99;;;;;;;;;;;;;;;
snag 29;1113;morfo 1;zoochooric;13;novembro;1;3;4.360909091;7.9;;;;;;;;;;;;;;;
snag 28;1114;morfo 24;autochorous;48;dezembro;2;3;4.786818182;5.332181818;;;;;;;;;;;;;;;
snag 29;1115;morfo 21;zoochooric;44;dezembro;1;3;4.54;3.66;;;;;;;;;;;;;;;
snag 29;1116;asteraceae;anemochorous;5;dezembro;2;3;1.01;4.348;;;;;;;;;;;;;;;
snag 29;1117;asteraceae;anemochorous;5;janeiro;7;3;1.01;4.348;;;;;;;;;;;;;;;
snag 29;1118;morfo 3;zoochooric;17;fevereiro;1;3;1.908;2.945;;;;;;;;;;;;;;;
snag 29;1119;morfo 49;anemochorous;78;março;2;3;2.5025;3.365;;;;;;;;;;;;;;;
snag 29;1120;Brysonimia;zoochooric;86;abril;1;3;5.597;4.799;;;;;;;;;;;;;;;
snag 29;1121;bowdichia (Fabaceae) - Morfo 65;anemochorous;102;junho;4;3;7.93;15.54;;;;;;;;;;;;;;;
snag 29;1122;asteraceae;anemochorous;5;setembro;2;3;1.01;4.348;;;;;;;;;;;;;;;
snag 30;1123;morfo 21;zoochooric;44;dezembro;1;3;4.54;3.66;;;;;;;;;;;;;;;
snag 30;1124;Cecropia sp;zoochooric;11;fevereiro;2;3;1.008;1.616;;;;;;;;;;;;;;;
snag 30;1125;Brysonimia;zoochooric;86;abril;4;3;5.597;4.799;;;;;;;;;;;;;;;
snag 30;1126;morfo 49;anemochorous;78;abril;1;3;2.5025;3.365;;;;;;;;;;;;;;;
snag 30;1127;morfo 48;zoochooric;77;abril;1;3;2.489;3.754;;;;;;;;;;;;;;;
snag 30;1128;morfo 1;zoochooric;13;junho;2;3;4.360909091;7.9;;;;;;;;;;;;;;;
snag 30;1129;morfo 60;zoochooric;93;junho;1;3;4.558;12.234;;;;;;;;;;;;;;;
snag 30;1130;morfo 3;zoochooric;17;junho;9;3;1.908;2.945;;;;;;;;;;;;;;;
snag 30;1131;Tabebuia insignis (bignoniaceae;anemochorous;101;junho;3;3;10.43125;17.16444444;;;;;;;;;;;;;;;
snag 30;1132;Lantana camara (morfo 13);zoochooric;16;junho;1;3;2.752;3.936;;;;;;;;;;;;;;;
snag 30;1133;morfo 5;zoochooric;22;agosto;5;3;5.934;7.99;;;;;;;;;;;;;;;
snag 30;1134;asteraceae;anemochorous;5;agosto;12;3;1.01;4.348;;;;;;;;;;;;;;;
snag 30;1135;Mysinaceae (Rapanea sp);zoochooric;4;agosto;1;3;2.85875;3.24875;;;;;;;;;;;;;;;
snag 30;1136;morfo 74;zoochooric;114;agosto;1;3;5.685;5.225;;;;;;;;;;;;;;;
snag 30;1137;asteraceae;anemochorous;1;setembro;1;3;1.01;4.348;;;;;;;;;;;;;;;
snag 30;1138;morfo 1;zoochooric;13;outubro;3;3;4.360909091;7.9;;;;;;;;;;;;;;;
snag 30;1139;Poaceae;anemochorous;14;outubro;3;3;2.15;3.449;;;;;;;;;;;;;;;
snag 30;1140;morfo 3;zoochooric;17;outubro;1;3;1.908;2.945;;;;;;;;;;;;;;;
snag 30;1141;morfo 34;zoochooric;60;outubro;1;3;2.7125;2.695;;;;;;;;;;;;;;;
;;;;;;;;;;;;;;;;;;;;;;;;
;;;;;;;;;;;;;;;;;;;;;;;;
;;;;;;;;;;;;;;;;;;;;;;;;
;;;;;;;;;;;;;;;;;;;;;;;;
;;;;;;;;;;;;;;;;;;;;;;;;
;;;;;;;;;;;;;;;;;;;;;;;;
;;;;;;;;;;;;;;;;;;;;;;;;
;;;;;;;;;;;;;;;;;;;;;;;;
;;;;;;;;;;;;;;;;;;;;;;;;
;;;;;;;;;;;;;;;;;;;;;;;;
;;;;;;;;;;;;;;;;;;;;;;;;
;;;;;;;;;;;;;;;;;;;;;;;;
;;;;;;;;;;;;;;;;;;;;;;;;
;;;;;;;;;;;;;;;;;;;;;;;;
;;;;;;;;;;;;;;;;;;;;;;;;
;;;;;;;;;;;;;;;;;;;;;;;;
;;;;;;;;;;;;;;;;;;;;;;;;
;;;;;;;;;;;;;;;;;;;;;;;;
;;;;;;;;;;;;;;;;;;;;;;;;
;;;;;;;;;;;;;;;;;;;;;;;;
;;;;;;;;;;;;;;;;;;;;;;;;
;;;;;;;;;;;;;;;;;;;;;;;;
;;;;;;;;;;;;;;;;;;;;;;;;
;;;;;;;;;;;;;;;;;;;;;;;;
;;;;;;;;;;;;;;;;;;;;;;;;
;;;;;;;;;;;;;;;;;;;;;;;;
;;;;;;;;;;;;;;;;;;;;;;;;
;;;;;;;;;;;;;;;;;;;;;;;;
;;;;;;;;;;;;;;;;;;;;;;;;
;;;;;;;;;;;;;;;;;;;;;;;;
;;;;;;;;;;;;;;;;;;;;;;;;
;;;;;;;;;;;;;;;;;;;;;;;;
;;;;;;;;;;;;;;;;;;;;;;;;
;;;;;;;;;;;;;;;;;;;;;;;;
;;;;;;;;;;;;;;;;;;;;;;;;
;;;;;;;;;;;;;;;;;;;;;;;;
;;;;;;;;;;;;;;;;;;;;;;;;
;;;;;;;;;;;;;;;;;;;;;;;;
;;;;;;;;;;;;;;;;;;;;;;;;
;;;;;;;;;;;;;;;;;;;;;;;;
;;;;;;;;;;;;;;;;;;;;;;;;
;;;;;;;;;;;;;;;;;;;;;;;;
;;;;;;;;;;;;;;;;;;;;;;;;
;;;;;;;;;;;;;;;;;;;;;;;;
;;;;;;;;;;;;;;;;;;;;;;;;
;;;;;;;;;;;;;;;;;;;;;;;;
;;;;;;;;;;;;;;;;;;;;;;;;
;;;;;;;;;;;;;;;;;;;;;;;;
;;;;;;;;;;;;;;;;;;;;;;;;
;;;;;;;;;;;;;;;;;;;;;;;;
;;;;;;;;;;;;;;;;;;;;;;;;
;;;;;;;;;;;;;;;;;;;;;;;;
;;;;;;;;;;;;;;;;;;;;;;;;
;;;;;;;;;;;;;;;;;;;;;;;;
;;;;;;;;;;;;;;;;;;;;;;;;
;;;;;;;;;;;;;;;;;;;;;;;;
;;;;;;;;;;;;;;;;;;;;;;;;
;;;;;;;;;;;;;;;;;;;;;;;;
;;;;;;;;;;;;;;;;;;;;;;;;
;;;;;;;;;;;;;;;;;;;;;;;;
;;;;;;;;;;;;;;;;;;;;;;;;
;;;;;;;;;;;;;;;;;;;;;;;;
;;;;;;;;;;;;;;;;;;;;;;;;
;;;;;;;;;;;;;;;;;;;;;;;;
;;;;;;;;;;;;;;;;;;;;;;;;
;;;;;;;;;;;;;;;;;;;;;;;;
;;;;;;;;;;;;;;;;;;;;;;;;
;;;;;;;;;;;;;;;;;;;;;;;;
;;;;;;;;;;;;;;;;;;;;;;;;
;;;;;;;;;;;;;;;;;;;;;;;;
;;;;;;;;;;;;;;;;;;;;;;;;
;;;;;;;;;;;;;;;;;;;;;;;;
;;;;;;;;;;;;;;;;;;;;;;;;
;;;;;;;;;;;;;;;;;;;;;;;;
;;;;;;;;;;;;;;;;;;;;;;;;
;;;;;;;;;;;;;;;;;;;;;;;;
;;;;;;;;;;;;;;;;;;;;;;;;
;;;;;;;;;;;;;;;;;;;;;;;;
;;;;;;;;;;;;;;;;;;;;;;;;
;;;;;;;;;;;;;;;;;;;;;;;;
;;;;;;;;;;;;;;;;;;;;;;;;
;;;;;;;;;;;;;;;;;;;;;;;;
;;;;;;;;;;;;;;;;;;;;;;;;
;;;;;;;;;;;;;;;;;;;;;;;;
;;;;;;;;;;;;;;;;;;;;;;;;
;;;;;;;;;;;;;;;;;;;;;;;;
;;;;;;;;;;;;;;;;;;;;;;;;
;;;;;;;;;;;;;;;;;;;;;;;;
;;;;;;;;;;;;;;;;;;;;;;;;
;;;;;;;;;;;;;;;;;;;;;;;;
;;;;;;;;;;;;;;;;;;;;;;;;
;;;;;;;;;;;;;;;;;;;;;;;;
;;;;;;;;;;;;;;;;;;;;;;;;
;;;;;;;;;;;;;;;;;;;;;;;;
;;;;;;;;;;;;;;;;;;;;;;;;
;;;;;;;;;;;;;;;;;;;;;;;;
;;;;;;;;;;;;;;;;;;;;;;;;
;;;;;;;;;;;;;;;;;;;;;;;;
;;;;;;;;;;;;;;;;;;;;;;;;
;;;;;;;;;;;;;;;;;;;;;;;;
;;;;;;;;;;;;;;;;;;;;;;;;
;;;;;;;;;;;;;;;;;;;;;;;;
;;;;;;;;;;;;;;;;;;;;;;;;
;;;;;;;;;;;;;;;;;;;;;;;;
;;;;;;;;;;;;;;;;;;;;;;;;
;;;;;;;;;;;;;;;;;;;;;;;;
;;;;;;;;;;;;;;;;;;;;;;;;
;;;;;;;;;;;;;;;;;;;;;;;;
;;;;;;;;;;;;;;;;;;;;;;;;
;;;;;;;;;;;;;;;;;;;;;;;;
;;;;;;;;;;;;;;;;;;;;;;;;
;;;;;;;;;;;;;;;;;;;;;;;;
;;;;;;;;;;;;;;;;;;;;;;;;
